"","OBK1122","OBK1196","OBK1253","OBK2535","OBK2535b","OBK2638","OBK2661","OBK2668","OBK2723","OBK2741","OBK2752","OBK2758","OBK2764","OBK2772","OBK2828","OBK2840","OBK2848","OBK2849","OBK2878","OBK2880","OBK2896","OBK2971","OBK3014","OBK3132","OBK3134","OBK3135","OBK3185","OBK3303","OBK3549","OBK3587","OBK3646","OBK3751","OBK3958","OBK4096","OBK4112","OBK4141","OBK4168","OBK4198","OBK4328","OBK4508","OBK4961","OBK5066"
"k__Bacteria|p__Bacteroidetes|c__Bacteroidia|o__Bacteroidales|f__Bacteroidaceae|g__Bacteroides|s__Bacteroides_stercoris",21.93525,0,0,0,0,0,0,0,0,0,0,0,0,0,0.20197,0,0.44318,0,0,0,0,34.93909,0.32397,0.16246,0,0.99691,0,0,0,0,0,1.1414,0,0,0.07677,0,0,1.87803,0.98082,0,0,0
"k__Bacteria|p__Bacteroidetes|c__Bacteroidia|o__Bacteroidales|f__Bacteroidaceae|g__Bacteroides|s__Bacteroides_vulgatus",15.91005,6.07675,25.5794,0.01418,0,7.53595,15.22549,5.34012,8.44791,0,4.64541,0.4827,11.18603,6.55045,0,0,2.59698,8.23303,0,12.08153,0,11.40383,2.84569,1.13958,0,1.71279,0,3.06887,4.17393,31.01321,5.33813,1.95317,5.99555,11.96532,2.62064,10.17991,0,6.83352,0.43458,0,0,1.19019
"k__Bacteria|p__Bacteroidetes|c__Bacteroidia|o__Bacteroidales|f__Tannerellaceae|g__Parabacteroides|s__Parabacteroides_johnsonii",11.55707,0,2.59794,0,0,0,0,0,0,0,0,0,0,0,0,0,0.974,0,0,0,0,0,0,0,0,0,0,0,0,0,0,0,0,0.4604,0,0,42.32886,0,0,0,0,0
"k__Bacteria|p__Firmicutes|c__Clostridia|o__Clostridiales|f__Lachnospiraceae|g__Lachnoclostridium|s__Clostridium_symbiosum",10.54406,0,0.88697,0.32352,0.25394,0,0.06535,0,0,0.27041,0,0,0,0,0,7.40853,0,0,0,0,0,0,0,0,0,0,0.66028,0,0.05862,0,0,0,0,0,0,0,0,0,0.11723,0,0,0
"k__Bacteria|p__Bacteroidetes|c__Bacteroidia|o__Bacteroidales|f__Bacteroidaceae|g__Bacteroides|s__Bacteroides_caccae",10.3816,0,0,0,0,1.57739,4.48973,0,3.54208,1.30779,0,0,3.42824,0,0,0.3867,0.85929,0,0,0,17.86691,1.15519,0.44803,0.66013,1.52394,0.21943,0.04322,0,1.22339,0,0,0.413,0,0.43842,0,0.33556,0,0.48843,0,1.13036,0,7.37912
"k__Bacteria|p__Bacteroidetes|c__Bacteroidia|o__Bacteroidales|f__Bacteroidaceae|g__Bacteroides|s__Bacteroides_uniformis",8.36692,0,11.41969,0.00135,0,0,1.44747,0.44518,0,8.02817,3.15893,0.8208,11.35778,0.58323,5.3544,1.86125,10.27359,4.3809,5.91775,0,0,0,1.29861,1.1584,4.9665,0.51888,3.25586,0,1.38776,0,9.05299,11.49752,0,11.94556,0.4902,13.13301,0,3.21237,15.14106,5.76293,0,2.65497
"k__Bacteria|p__Bacteroidetes|c__Bacteroidia|o__Bacteroidales|f__Tannerellaceae|g__Parabacteroides|s__Parabacteroides_merdae",5.45887,0,0,0,0,0.11574,2.26533,0,0,0.37643,0,0.24861,0.38625,0.46865,0,0,0.73256,0,0,0,0,1.5308,1.01026,0.24578,0,0.64829,1.09018,0,0.12104,0,0,3.13681,0,0.05602,0,0,0,1.37052,2.28076,0.79789,0,0
"k__Bacteria|p__Bacteroidetes|c__Bacteroidia|o__Bacteroidales|f__Bacteroidaceae|g__Bacteroides|s__Bacteroides_salyersiae",5.27509,0,0,0,0,0,0,0,0,0,0,0,0.40505,0,0,0,0,0,0,0,0,0,0,0.69983,0,0,0,0,0,0,0,0,0,0,0,0,0,1.8331,0,0,0,0
"k__Bacteria|p__Bacteroidetes|c__Bacteroidia|o__Bacteroidales|f__Bacteroidaceae|g__Bacteroides|s__Bacteroides_cellulosilyticus",3.08262,0,0,0,0,0,0,0,1.75924,3.37555,0.32862,0,0.00198,0,0.31491,0,0.00141,0,0,0,0,0,0,0.06692,0.02103,0.15817,2.25127,0,0,0,1.84355,0,3.30071,1.86388,1.15485,0,0.32536,0.69401,0,2.456,0,0
"k__Bacteria|p__Bacteroidetes|c__Bacteroidia|o__Bacteroidales|f__Barnesiellaceae|g__Coprobacter|s__Coprobacter_fastidiosus",3.01432,0,0,0,0,0,0,0,0,0,0,0,0,0,0.06676,0,0.23495,0,0.26079,0,0,0,0,0,0.02815,0.01584,0,0,0.94174,0,0,0,0,0,0,0.55784,0,0,0,0,0,0
"k__Bacteria|p__Proteobacteria|c__Gammaproteobacteria|o__Enterobacterales|f__Enterobacteriaceae|g__Escherichia|s__Escherichia_coli",1.59496,0.01813,0,57.08615,40.62468,87.70433,2.02233,0,3.69129,13.48538,0.67821,4.82847,1.81185,1.6288,4.89349,34.75418,1.42239,6.18212,0.91222,12.07423,61.14984,6.53348,78.94691,0.1504,1.74584,1.76892,3.3907,94.79974,0.68891,0,0.42584,3.83049,0.08401,0.99077,0.09322,0.20926,0,8.17791,0,0.78982,85.37404,31.88147
"k__Bacteria|p__Firmicutes|c__Clostridia|o__Clostridiales|f__Ruminococcaceae|g__Flavonifractor|s__Flavonifractor_plautii",1.31708,0,0.94391,0.0256,0.00512,0,0.48229,0,0,0.14039,0.09792,0,0.07026,0,0,0.24294,0,0.07554,0.13948,0.34512,0,0,0,0,0.05058,0,0.00877,0,0.41582,0.2464,0,0.00593,0,0,0,0.1632,0,0.17159,0.55597,0,0,0
"k__Bacteria|p__Firmicutes|c__Clostridia|o__Clostridiales|f__Lachnospiraceae|g__Lachnoclostridium|s__Clostridium_bolteae",0.679,0.36494,0.10214,0.19176,0.06927,0,0.00218,0,0,3.45526,0,0,0,0,0,0.77894,0,0,0,0,0.04868,0.00198,0,0,0,0,0.13997,0,0,0.05919,0,0,0,0,0,0,0,0.00201,0,0,0,0
"k__Bacteria|p__Bacteroidetes|c__Bacteroidia|o__Bacteroidales|f__Bacteroidaceae|g__Bacteroides|s__Bacteroides_xylanisolvens",0.5687,0.22842,0,0,0,0,0.1235,0,0,0,0,0,0,0,0.22777,0.00513,0.21509,0,0,0,0,0.3022,0.12533,0.35538,0,0.04008,0,0.02851,0,0,0.46011,0.0265,0,0,0,0.19481,0,0.03273,0,0,0,0.50882
"k__Bacteria|p__Firmicutes|c__Clostridia|o__Clostridiales|f__Clostridiaceae|g__Hungatella|s__Hungatella_hathewayi",0.18545,0,0.1138,5.15398,4.38148,0,0,0,0,0.13478,0,0,0,0,0,0.04783,0,0,0,0,0,0,0,0,0,0,1.13291,0,0,0.00509,0,0,0,0,0,0,0,0,0.06277,0.57653,0,0
"k__Bacteria|p__Firmicutes|c__Clostridia|o__Clostridiales|f__Lachnospiraceae|g__Lachnoclostridium|s__Clostridium_clostridioforme",0.12895,0,0.81506,1.36329,0.88933,0,0,0,0,0.00618,0,0,0,0,0,1.09616,0,0,0,0,0,0,0,0,0,0,0,0,0,0,0,0,0,0,0,0,0,0,0.25746,0,0,0
"k__Bacteria|p__Firmicutes|c__Negativicutes|o__Acidaminococcales|f__Acidaminococcaceae|g__Acidaminococcus|s__Acidaminococcus_intestini",0,25.56945,0,0,0,0,0,0,0,0,0.52505,0,0,0,0.40561,0,0,0,0,0,0,0,0,0,0,0,0,0,0,0,0,0,0,0,0,0,0,0,1.14604,0,0,0
"k__Bacteria|p__Firmicutes|c__Clostridia|o__Clostridiales|f__Eubacteriaceae|g__Eubacterium|s__Eubacterium_hallii",0,25.55164,0,0,0,0,2.52733,0,5.91486,0,6.23833,1.25509,0.39465,0,1.20346,0,2.89848,3.9923,3.05102,0,0,0,0,1.89976,7.27384,8.59286,5.77335,0,0.02468,0.50539,7.1842,1.06905,9.36643,2.8172,7.54769,0.16612,0,0,2.68849,11.99441,0,0
"k__Bacteria|p__Bacteroidetes|c__Bacteroidia|o__Bacteroidales|f__Bacteroidaceae|g__Bacteroides|s__Bacteroides_thetaiotaomicron",0,15.26747,23.74855,0.00973,0,0,1.37051,1.66666,9.05519,9.89997,0.21081,0.17191,0.56047,0,0.84704,33.31191,0.02581,0,1.4584,0,10.51288,0.62679,1.92395,0.01234,0.02886,0.32373,0.26621,0,0.54808,0,0.73617,0,0.01767,0.59017,0.01831,0.45544,0,3.25261,1.33327,0.2652,0,0.28157
"k__Bacteria|p__Bacteroidetes|c__Bacteroidia|o__Bacteroidales|f__Bacteroidaceae|g__Bacteroides|s__Bacteroides_intestinalis",0,8.88847,0,0,0,0,0,0,0,0,0,0,0,0,0,0,0.02412,0,0.25436,0.0304,0,0,0,0,0,0,0,0,0,11.28274,0,0,0,0,0,0.38694,0,0,0,0,0,0
"k__Bacteria|p__Bacteroidetes|c__Bacteroidia|o__Bacteroidales|f__Bacteroidaceae|g__Bacteroides|s__Bacteroides_ovatus",0,8.36888,27.1156,0.01109,0,0.71253,0.02224,0,1.44616,0.29511,1.00843,0.1516,0.97423,0,0.15134,3.79784,0.00594,2.38164,2.30462,0,0,0.07813,1.56593,0.26893,0.19852,0.17561,0.06362,0,3.24486,1.84173,0,0.24565,0.25179,0.12873,0.11153,0.40577,2.75767,0.2941,2.38423,0.27266,0,0.81235
"k__Bacteria|p__Firmicutes|c__Clostridia|o__Clostridiales|f__Lachnospiraceae|g__Blautia|s__Blautia_wexlerae",0,2.54506,0.44613,0,0,0,0.0193,0,0,0,0.0159,1.4684,0.2377,0,0.17508,0,1.19078,0.19587,0.05235,0,0,0,0,0,0.01913,0.22711,0,0,0,0.00584,0.1457,0.43307,0,0.03576,0,0.67649,3.22113,5.66957,0.32618,0.13358,0,0
"k__Bacteria|p__Actinobacteria|c__Coriobacteriia|o__Eggerthellales|f__Eggerthellaceae|g__Eggerthella|s__Eggerthella_lenta",0,1.36433,0.21802,0,0,0,0.58266,0,0,0.63473,0.00524,0.43742,0,0,0,1.33028,0,0.93971,0,0.21637,0,0,0,0,0.02088,0,5.51438,0,0.01288,0.32116,0.11259,0,0,0,0,0,0,2.33848,0,0,0,0
"k__Bacteria|p__Bacteroidetes|c__Bacteroidia|o__Bacteroidales|f__Tannerellaceae|g__Parabacteroides|s__Parabacteroides_distasonis",0,1.06804,0,0,0,0.23904,1.28641,0,3.86638,0,0.60485,0.42016,0.66348,0,4.07312,0,2.36581,0.60187,1.30946,0,0,2.01827,0,0.2451,0,0.05887,0.57405,0,0.26207,0,1.20907,2.84935,0.43353,1.30612,0.20369,1.4092,8.40547,0.51779,4.80156,0.41247,0,0
"k__Bacteria|p__Firmicutes|c__Clostridia|o__Clostridiales|f__Lachnospiraceae|g__Blautia|s__Blautia_hydrogenotrophica",0,1.06737,0,0,0,0,0,0,0,2.83974,0,0,0,0,0,0,0,0,0,0,0,0,0,0,0,0,0,0,0,0,0,0,0,0,0,0,0,0,0.01406,0,0,0
"k__Bacteria|p__Firmicutes|c__Clostridia|o__Clostridiales|f__Lachnospiraceae|g__Lachnoclostridium|s__Clostridium_scindens",0,0.81253,0.02477,0,0,0,0,0,0,0,0,0,0,0,0,0,0,0,0,0,0,0,0,0,0,0,0,0,0,0,0,0,0,0,0,0,0,0,0,0,0,0
"k__Bacteria|p__Bacteroidetes|c__Bacteroidia|o__Bacteroidales|f__Rikenellaceae|g__Alistipes|s__Alistipes_putredinis",0,0.62868,0,0,0,0,3.53223,0,5.37086,1.16475,2.30885,0,10.18651,0,10.34776,0,6.34521,0,0,0,0,6.64079,1.82255,0.74316,0.31924,11.19402,0.09207,0,0.41151,0,1.90504,0,4.21593,0.50554,4.26473,8.80746,0,5.15565,0,0.92006,0,0
"k__Bacteria|p__Firmicutes|c__Negativicutes|o__Veillonellales|f__Veillonellaceae|g__Dialister|s__Dialister_invisus",0,0.57764,0.56342,0.00108,0,0,0,0,0.24583,0,0,1.37205,0,0,0,0.01065,0,0.09674,0,0,0,0.01578,0,0,0.03405,0,0,0,0.03108,0,0,2.17702,0,0,0,0,0,2.2946,0,0,0,0
"k__Bacteria|p__Actinobacteria|c__Coriobacteriia|o__Eggerthellales|f__Eggerthellaceae|g__Gordonibacter|s__Gordonibacter_pamelaeae",0,0.43146,0.01695,0,0,0,0.1076,0,0,0.21226,0,0.63314,0,0,0,0.11859,0.06441,0.18135,0,0,0,0,0,0,0.02176,0.00176,0.94368,0,0,0.03857,0.07764,0,0,0,0,0,0,0.22356,0.08466,0.19887,0,0
"k__Bacteria|p__Bacteroidetes|c__Bacteroidia|o__Bacteroidales|f__Bacteroidaceae|g__Bacteroides|s__Bacteroides_fragilis",0,0.40506,0,0,0,0,0.00198,56.52875,0,0,0,1.18391,1.05697,80.90489,5.40352,0,0,6.09128,1.47705,62.77575,0,1.8412,0,0,11.87248,0,0,0,0,25.35713,0,0,1.34338,0,0.74763,0,0,0,0,0,12.34024,27.30885
"k__Bacteria|p__Firmicutes|c__Erysipelotrichia|o__Erysipelotrichales|f__Erysipelotrichaceae|g__Erysipelatoclostridium|s__Erysipelatoclostridium_ramosum",0,0.2438,0.02133,0.01313,0.06909,0,0,0,0,1.34484,0,0.55333,0,0,0,1.59475,0,0,0,0,0,0,0,0,0,0,0,0,0,0,0,0,0,0,0,0,0,0,0.09551,0,0,0
"k__Bacteria|p__Firmicutes|c__Bacilli|o__Lactobacillales|f__Streptococcaceae|g__Streptococcus|s__Streptococcus_salivarius",0,0.19237,0.01267,0.03241,0.03281,0,0.00978,0,0.52917,0,0.18854,11.93643,0.20544,0,0,0,0.05022,1.19727,0.01132,0,0,0.0683,0.28072,0,7.32209,0.10874,0.59995,0,0,0.46893,0.00413,0.21528,2.89151,0,2.05192,0,0,0.72209,0.06187,1.82313,0,0
"k__Bacteria|p__Firmicutes|c__Clostridia|o__Clostridiales|f__Clostridiales_unclassified|g__Clostridiales_unclassified|s__Clostridiales_bacterium_1_7_47FAA",0,0.12179,0,0,0,0,0,0,0,0,0,0,0,0,0,0,0,0,0,0,0,0.04763,0,0,0,0,0,0,0,0,0,0,0,0,0,0,0,0,0,0,0,0
"k__Bacteria|p__Firmicutes|c__Clostridia|o__Clostridiales|f__Lachnospiraceae|g__Lachnoclostridium|s__Clostridium_asparagiforme",0,0.0684,0,0,0,0,0.47876,0,0,0,0,0,0,0,0,0,0,0,0,0,0,0,0,0,0,0,0,0,0,0,0,0,0,0,0,0,0,0,0,0,0,0
"k__Bacteria|p__Firmicutes|c__Clostridia|o__Clostridiales|f__Lachnospiraceae|g__Blautia|s__Ruminococcus_gnavus",0,0.06392,1.47198,0.56165,0.53582,0,0.07264,5.18108,0.40188,24.85231,0.24325,0,0,0,0,3.98764,0,0,0,0,0.869,0.23614,0,0,0.39294,0,0,0,0,0,3.91302,0,0,0.33983,0,0.10017,0,1.01318,0.43089,0,0,0
"k__Bacteria|p__Firmicutes|c__Clostridia|o__Clostridiales|f__Ruminococcaceae|g__Ruminococcaceae_unclassified|s__Clostridium_leptum",0,0.02641,0,0,0,0,0.00047,0,0,0,0.53746,0,0,0,0.10074,0,0,0,0,0,0,0.00525,0,0.0169,0,0,0.16459,0,0,0,0.00906,0,0,0,0,0,0,0.0204,0,0,0,0
"k__Bacteria|p__Proteobacteria|c__Epsilonproteobacteria|o__Campylobacterales|f__Campylobacteraceae|g__Campylobacter|s__Campylobacter_gracilis",0,0.01439,0,0,0,0,0,0,0,0,0,0,0,0,0,0,0,0,0,0,0,0,0,0,0,0,0,0,0,0,0,0,0,0,0,0,0,0,0,0,0,0
"k__Bacteria|p__Firmicutes|c__Bacilli|o__Lactobacillales|f__Streptococcaceae|g__Streptococcus|s__Streptococcus_mutans",0,0.01183,0,0,0,0,0,0,0,0,0,0,0,0,0,0,0,0,0,0,0,0,0,0,0,0,0,0,0,0,0,0,0,0,0,0,0,0,0,0,0,0
"k__Bacteria|p__Firmicutes|c__Clostridia|o__Clostridiales|f__Ruminococcaceae|g__Anaerotruncus|s__Anaerotruncus_colihominis",0,0.01,0,0,0,0,0.05175,0,0,0,0,0,0,0,0,0,0,0,0,0,0.09415,0,0,0,0,0,0.0489,0,0,0.11753,0,0,0,0,0,0,0,0,0.22057,0,0,0
"k__Bacteria|p__Firmicutes|c__Clostridia|o__Clostridiales|f__Lachnospiraceae|g__Anaerostipes|s__Anaerostipes_hadrus",0,0.0084,0,0,0,0,2.6393,0,4.13988,0,4.57566,3.13387,0.31258,0,0.15871,0,4.92629,5.73604,2.37525,0.46201,0,2.96974,0,1.63555,1.23765,10.51764,3.37969,0,0.01989,0.02465,5.32247,0.07346,0.3508,1.23902,0.38131,0.8322,0,3.09845,2.61764,12.39356,0,0
"k__Bacteria|p__Firmicutes|c__Bacilli|o__Lactobacillales|f__Streptococcaceae|g__Streptococcus|s__Streptococcus_sanguinis",0,0.00435,0,0,0,0,0,0,0,0,0,0.37316,0,0,0,0,0,0,0,0,0,0,0,0,0,0,0.05538,0,0,0,0,0,0,0,0,0,0,0,0,0,0,0
"k__Bacteria|p__Firmicutes|c__Clostridia|o__Clostridiales|f__Lachnospiraceae|g__Roseburia|s__Roseburia_intestinalis",0,0,2.23076,0,0,0,0.00788,0,0,0,0.17632,0,0,0,0,0,0.05105,0.0266,0.04753,0,0,0.06049,0,0,0.17532,0,0.0031,0,0,0.02898,0,0.18297,0,0,0,0.09474,0,2.32521,0.12064,0,0,0
"k__Bacteria|p__Firmicutes|c__Erysipelotrichia|o__Erysipelotrichales|f__Erysipelotrichaceae|g__Erysipelatoclostridium|s__Clostridium_innocuum",0,0,0.66584,0.12984,0.03059,0,0,0,0,6.15982,0,0,0,0,0,0.77604,0,0,0,0,0,0,0,0,0,0,2.9524,0,0,1.3934,0,0,0,0,0,0,0,0.27174,0,0,0,0
"k__Bacteria|p__Firmicutes|c__Negativicutes|o__Veillonellales|f__Veillonellaceae|g__Veillonella|s__Veillonella_parvula",0,0,0.24341,0,0,0,0,0,0,0,0,0,0,0,0,0,0,0,0,0,0,0,0,0,11.6721,0,0,0,0.19297,0.02172,0,0,0,0,0,0,0,0.14568,0,0,0,0
"k__Bacteria|p__Proteobacteria|c__Gammaproteobacteria|o__Pasteurellales|f__Pasteurellaceae|g__Haemophilus|s__Haemophilus_parainfluenzae",0,0,0.16323,0.04032,0.00376,0,0,0,0,0,0,0.55088,0,0,0,0,0,0,0,0,0,0,0,0,0.10652,0,0,0,0,0,0,0,0,0.01229,0,0,0,0.03141,0,0,0,0
"k__Bacteria|p__Firmicutes|c__Clostridia|o__Clostridiales|f__Lachnospiraceae|g__Fusicatenibacter|s__Fusicatenibacter_saccharivorans",0,0,0.15325,0,0,0,0.00286,0,0,0,0.86029,5.90377,0.30508,0,0,0,0.90224,1.12442,0.15634,0,0,0,0,0.04533,0.25553,0.81186,0,0,0,0.10633,1.82589,0.16813,0,0.72731,0,0.20658,0,1.63732,0.13229,0.73658,0,0
"k__Bacteria|p__Proteobacteria|c__Epsilonproteobacteria|o__Campylobacterales|f__Campylobacteraceae|g__Campylobacter|s__Campylobacter_concisus",0,0,0.12102,0,0,0,0,0,0,0,0,0,0,0,0,0,0,0,0,0,0,0,0,0,0,0,0,0,0,0,0,0,0,0,0,0,0,0,0,0,0,0
"k__Bacteria|p__Firmicutes|c__Clostridia|o__Clostridiales|f__Ruminococcaceae|g__Ruthenibacterium|s__Ruthenibacterium_lactatiformans",0,0,0.07005,0.10836,0.07324,0,0.55264,0,0,0.16287,0.01459,0.05647,0.10072,0,0.12792,0.7067,0.30461,0.08827,0.57107,1.77542,0,0,0,1.03959,0.16397,0.01696,5.2844,0,0.26838,1.64589,0.04176,0.20834,0,0,0,0.39792,0,0.27769,0.18002,0.0816,0,0
"k__Bacteria|p__Firmicutes|c__Clostridia|o__Clostridiales|f__Clostridiaceae|g__Clostridium|s__Clostridium_bolteae_CAG_59",0,0,0.0548,0,0,0,0,0,0,0,0,0,0,0,0,0,0,0,0,0,0,0,0,0,0,0,0,0,0,0,0,0,0,0,0,0,0,0,0,0,0,0
"k__Bacteria|p__Proteobacteria|c__Gammaproteobacteria|o__Pasteurellales|f__Pasteurellaceae|g__Haemophilus|s__Haemophilus_sp_HMSC71H05",0,0,0.051,0.00878,0,0,0,0,0,0,0,0,0,0,0,0,0,0,0,0,0,0,0,0,0,0,0,0,0,0,0,0,0,0,0,0,0,0.01695,0,0,0,0
"k__Bacteria|p__Firmicutes|c__Negativicutes|o__Veillonellales|f__Veillonellaceae|g__Veillonella|s__Veillonella_atypica",0,0,0.03392,0.0142,8e-04,0,0,0,0,0,0,0.07497,0,0,0,0,0,0,0,0,0,0,0,0,2.07185,0,0,0,0,0,0,0,0,0,0,0,0,0,0,0,0,0
"k__Bacteria|p__Firmicutes|c__Clostridia|o__Clostridiales|f__Lachnospiraceae|g__Anaerostipes|s__Anaerostipes_caccae",0,0,0.02959,0,0,0,0,0,0,0,0,0,0,0,0,0,0,0,0,0,0,0,0,0,0,0,0,0,0,0,0,0,0,0,0,0,0,0,0,0,0,0
"k__Bacteria|p__Firmicutes|c__Clostridia|o__Clostridiales|f__Peptostreptococcaceae|g__Intestinibacter|s__Intestinibacter_bartlettii",0,0,0.02395,0.20831,0.58286,0,0,0,0,0,0,0,0.01118,0,0,0,0,0,0.07975,0,0,0,0,0.30555,0.46023,0.42168,0,0,0,0,0,0,0.06726,0.01502,0,0,0,0,0.01073,0.0367,0,0
"k__Bacteria|p__Firmicutes|c__Clostridia|o__Clostridiales|f__Lachnospiraceae|g__Lachnoclostridium|s__Clostridium_saccharolyticum",0,0,0.02204,0,0,0,0,0,0,0,0,0,0,0,0,0,0,0,0,0,0,0,0,0,0,0,0,0,0,0,0,0.00187,0,0,0,0,0,0,0.01823,0,0,0
"k__Bacteria|p__Firmicutes|c__Clostridia|o__Clostridiales|f__Clostridiaceae|g__Butyricicoccus|s__Butyricicoccus_pullicaecorum",0,0,0.01719,0.03789,0.02372,0,0,0,0,0,0,0,0,0,0,0,0,0,0,0,0,0,0,0,0,0,0,0,0,0,0,0,0,0,0,0,0,0,0,0,0,0
"k__Bacteria|p__Firmicutes|c__Negativicutes|o__Veillonellales|f__Veillonellaceae|g__Veillonella|s__Veillonella_dispar",0,0,0.0116,0.00945,0,0,0,0,0,0,0,0.1088,0,0,0,0,0,0,0,0,0,0,0,0,0.93557,0,0,0,0,0,0,0,0,0,0,0,0,0,0,0,0,0
"k__Bacteria|p__Firmicutes|c__Clostridia|o__Clostridiales|f__Lachnospiraceae|g__Sellimonas|s__Sellimonas_intestinalis",0,0,0.00433,0.00114,0.00043,0,0,0,0,0.06366,0,0,0,0,0,0,0,0,0.16802,0,0,0,0,0,0,0,0,0,0,0,0,0,0,0,0,0,0,0.30436,0.12907,0,0,0
"k__Bacteria|p__Firmicutes|c__Negativicutes|o__Veillonellales|f__Veillonellaceae|g__Veillonella|s__Veillonella_infantium",0,0,0.00251,0.00564,0,0,0,0,0,0,0,0,0,0,0,0,0,0,0,0,0,0,0,0,0.16354,0,0,0,0,0,0,0,0,0,0,0,0,0,0,0,0,0
"k__Bacteria|p__Firmicutes|c__Clostridia|o__Clostridiales|f__Lachnospiraceae|g__Lachnoclostridium|s__Clostridium_aldenense",0,0,0.00212,0,0,0,0,0,0,0,0,0,0,0,0,0,0,0,0,0,0,0,0,0,0,0,0,0,0,0,0,0,0,0,0,0,0,0,0,0,0,0
"k__Bacteria|p__Firmicutes|c__Erysipelotrichia|o__Erysipelotrichales|f__Erysipelotrichaceae|g__Erysipelatoclostridium|s__Clostridium_spiroforme",0,0,0.00105,0.0102,0.02743,0,0,0,0,0.19811,0,0.2634,0,0,0,0,0,0.0064,0.08596,0,0,0,0,0,0,0,0,0,0,0,0,0,0,0,0,0,0,0,0,0,0,0
"k__Bacteria|p__Bacteroidetes|c__Bacteroidia|o__Bacteroidales|f__Prevotellaceae|g__Prevotella|s__Prevotella_buccae",0,0,0,17.02857,7.74411,0,0,0,0,0,0,0,0,0,0,0,0,0,0,0,0,0,0,0,0,0,0,0,0,0,0,0,0,0,0,0,0,0,0,0,0,0
"k__Bacteria|p__Firmicutes|c__Bacilli|o__Lactobacillales|f__Enterococcaceae|g__Enterococcus|s__Enterococcus_faecium",0,0,0,7.56392,26.37907,0,0,0,0,9.49477,0,0,0,0,0.05753,0,0,0,0,0,0,0,0,0.31493,0,0,0,0,0,0,0,0,0,0,0,0,0,0,0,0,0,0
"k__Bacteria|p__Firmicutes|c__Bacilli|o__Lactobacillales|f__Enterococcaceae|g__Enterococcus|s__Enterococcus_gallinarum",0,0,0,4.57198,12.80287,0,0,0,0,0,0,0,0,0,0,0,0,0,0,0,0,0,0,0,0,0,0,0,0,0,0,0,0,0,0,0,0,0,0,0,0,0
"k__Bacteria|p__Firmicutes|c__Clostridia|o__Clostridiales|f__Ruminococcaceae|g__Faecalibacterium|s__Faecalibacterium_prausnitzii",0,0,0,4.26381,3.50951,0.63874,3.94522,0,10.77581,0,7.80542,5.46426,9.28128,0,4.78274,0,8.63099,3.85028,5.00759,1.43794,0.35438,4.38447,2.27756,0.08884,3.42104,4.86966,0,0,0.07707,2.89812,5.73649,9.3431,2.89485,9.18688,5.68002,8.14867,4.12587,4.88178,3.32671,1.50047,0,2.85005
"k__Bacteria|p__Firmicutes|c__Clostridia|o__Clostridiales|f__Ruminococcaceae|g__Ruminococcus|s__Ruminococcus_bromii",0,0,0,0.50771,0.50587,0,0.72152,0,0,0,9.22726,0,2.09595,0,1.45781,0,0,0,12.87362,0.5557,0,0,0,25.14858,0,1.43886,0.93191,0,0.30341,0,9.12287,14.64113,0,8.72614,0.81105,12.39983,0,4.78453,0,5.73788,0,0
"k__Bacteria|p__Firmicutes|c__Bacilli|o__Lactobacillales|f__Enterococcaceae|g__Enterococcus|s__Enterococcus_casseliflavus",0,0,0,0.33598,0.97762,0,0,0,0,0,0,0,0,0,0,0,0,0,0,0,0,0,0,0,0,0,0,0,0,0,0,0,0,0,0,0,0,0,0,0,0,0
"k__Bacteria|p__Bacteroidetes|c__Bacteroidia|o__Bacteroidales|f__Rikenellaceae|g__Alistipes|s__Alistipes_inops",0,0,0,0.20577,0.12185,0,0,0,0,0,0,0,0,0,0.15779,0,0,0,1.62623,0,0,0,0,0.09394,0,0,0,0,0,3.07935,0,11.53081,0,0,0,0,0,0.01294,0,0,0,0
"k__Bacteria|p__Proteobacteria|c__Betaproteobacteria|o__Burkholderiales|f__Burkholderiaceae|g__Ralstonia|s__Ralstonia_pickettii",0,0,0,0.04923,0,0.44444,0,0,0,0,0,0,0,0,0,0,0,0,0,0,0,0,0,0,0,0,0,0,0,0,0,0,0,1.28336,0,0,0,0,0,0,0,0
"k__Bacteria|p__Proteobacteria|c__Gammaproteobacteria|o__Enterobacterales|f__Enterobacteriaceae|g__Klebsiella|s__Klebsiella_pneumoniae",0,0,0,0.0238,0,0,0,0,0,0,0,0,0,0,0,0,0,0,0,0,0,0,0,0,0,0,0,0,0,0,0,0,0,0,0,0,0,0,0,0,0,0
"k__Bacteria|p__Firmicutes|c__Bacilli|o__Lactobacillales|f__Streptococcaceae|g__Streptococcus|s__Streptococcus_thermophilus",0,0,0,0.01702,0.02418,0,0,0,4.20245,0,1.3402,0.07093,0.39601,0,0.1757,0,0.25069,0.1461,0.12292,0,0,0.25419,0,0.18384,0.01158,1.44626,1.44594,0,0,0,0.19644,0,0.22073,0,0,0,0,0.23006,0.22338,0.19028,0,0
"k__Bacteria|p__Firmicutes|c__Erysipelotrichia|o__Erysipelotrichales|f__Erysipelotrichaceae|g__Coprobacillus|s__Coprobacillus_cateniformis",0,0,0,0.01497,0.08082,0,0,0,0,0,0,0,0,0,0,0,0,0,0,0,0,0,0,0,0,0,0,0,0,0,0,0,0,0,0,0,0,0,0,0,0,0
"k__Bacteria|p__Firmicutes|c__Clostridia|o__Clostridiales|f__Ruminococcaceae|g__Pseudoflavonifractor|s__Pseudoflavonifractor_capillosus",0,0,0,0.01002,0,0,0,0,0,0,0,0,0,0,0,0,0,0,0,0,0,0,0,0,0,0,0,0,0,0,0,0,0,0,0,0,0,0,0,0,0,0
"k__Bacteria|p__Firmicutes|c__Clostridia|o__Clostridiales|f__Lachnospiraceae|g__Roseburia|s__Roseburia_faecis",0,0,0,0.00783,0,0,0.02046,0,0,0,0.80664,1.81141,0.50161,0,0.03231,0,0.71842,1.20293,0,0,0,0,0,0.00363,0,0.45466,0,0,0,0.08538,1.88661,0,0,3.88937,0,2.1698,0,0.20471,0,0,0,0
"k__Bacteria|p__Proteobacteria|c__Gammaproteobacteria|o__Enterobacterales|f__Enterobacteriaceae|g__Klebsiella|s__Klebsiella_variicola",0,0,0,0.00756,0,0,0,0,0,0,0,0,0,0,0,0,0,0,0,0,0,0,0,0,0,0,0,0,0,0,0,0,0,0,0,0,0,0.0257,0,0,0,0
"k__Bacteria|p__Firmicutes|c__Clostridia|o__Clostridiales|f__Lachnospiraceae|g__Robinsoniella|s__Robinsoniella_sp_RHS",0,0,0,0.00668,0.03253,0,0,0,0,0,0,0,0,0,0,0,0,0,0,0,0,0,0,0,0,0,0,0,0,0,0,0,0,0,0,0,0,0,0,0,0,0
"k__Bacteria|p__Firmicutes|c__Clostridia|o__Clostridiales|f__Ruminococcaceae|g__Anaeromassilibacillus|s__Anaeromassilibacillus_sp_An172",0,0,0,0.00613,0.0196,0,0,0,0,0,0,0,0,0,0,0,0,0,0,0,0,0,0,0,0,0,0,0,0,0,0,0,0,0,0,0,0,0,0,0,0,0
"k__Bacteria|p__Firmicutes|c__Clostridia|o__Clostridiales|f__Lachnospiraceae|g__Blautia|s__Blautia_sp_CAG_257",0,0,0,0.00599,0.02877,0,0,0,0,1.15176,0,0,0,0,0,0,0,0,0,0,0,0,0,0,0,0,0,0,0,0,0,0,0,0,0,0,0,0.00497,0,0,0,0
"k__Bacteria|p__Firmicutes|c__Bacilli|o__Lactobacillales|f__Lactobacillaceae|g__Lactobacillus|s__Lactobacillus_sakei",0,0,0,0.00499,0.01931,0,0,0,0,0,0,0,0,0,0,0,0,0,0,0,0,0.048,0,0,0,0,0,0,0,0,0,0,0.70346,0,0,0,0,0,0,0,0,0
"k__Bacteria|p__Actinobacteria|c__Actinobacteria|o__Propionibacteriales|f__Propionibacteriaceae|g__Cutibacterium|s__Cutibacterium_acnes",0,0,0,0.00292,0.07804,0,0,26.89112,0,0.14526,0,0.05467,0,8.1571,0,0.59887,0,1.45868,0,0,0,0,0.12685,0.05927,0,0,0.03865,0,0,0,0,0,0,0.07758,0,0,0,0,0,0,0,0
"k__Bacteria|p__Firmicutes|c__Bacilli|o__Lactobacillales|f__Leuconostocaceae|g__Leuconostoc|s__Leuconostoc_carnosum",0,0,0,0.00126,0,0,0,0,0,0,0,0,0,0,0,0,0,0,0,0,0,0,0,0,0,0,0,0,0,0,0,0,0,0,0,0,0,0,0,0,0,0
"k__Bacteria|p__Firmicutes|c__Bacilli|o__Lactobacillales|f__Streptococcaceae|g__Streptococcus|s__Streptococcus_infantis",0,0,0,0.00083,0.00775,0,0,0,0,0,0,0.04034,0,0,0,0,0,0,0,0,0,0,0,0,0,0,0.18001,0,0,0,0,0,0,0,0,0,0,0,0,0,0,0
"k__Bacteria|p__Proteobacteria|c__Gammaproteobacteria|o__Pseudomonadales|f__Moraxellaceae|g__Acinetobacter|s__Acinetobacter_radioresistens",0,0,0,0,0.04643,0,0,0,0,0,0,0,0,0,0,0,0,0,0,0,0,0,0,0,0,0,0,0,0,0,0,0,0,0,0,0,0,0,0,0,0,0
"k__Bacteria|p__Firmicutes|c__Bacilli|o__Lactobacillales|f__Lactobacillaceae|g__Lactobacillus|s__Lactobacillus_rhamnosus",0,0,0,0,0.00913,0,0,0,0,0,0,0,0,0,0,0,0,0,0,0,0,0,0,0,0,0,0,0,0,0,0,0,0,0,0,0,0,0,0,0,0,0
"k__Bacteria|p__Proteobacteria|c__Gammaproteobacteria|o__Pseudomonadales|f__Moraxellaceae|g__Acinetobacter|s__Acinetobacter_schindleri",0,0,0,0,0.00817,0,0,1.9894,0,0,0,0,0,0,0,0,0,0,0,0,0,0,0,0,0,0,0,0,0,0,0,0,0,0,0,0,0,0,0,0,0,0
"k__Bacteria|p__Bacteroidetes|c__Bacteroidia|o__Bacteroidales|f__Bacteroidaceae|g__Bacteroides|s__Bacteroides_dorei",0,0,0,0,0,0.40243,0,1.95768,0,6.75336,0,1.88712,2.85965,0,12.09467,1.10982,1.27267,0,19.8732,0,1.58311,9.14852,1.75337,0.0767,0.36152,1.18468,8.46381,0,0.81239,0,0,2.06642,0.13003,0.17928,0.04628,0.80501,30.08241,0.37377,10.47387,5.51851,0,1.48191
"k__Bacteria|p__Firmicutes|c__Clostridia|o__Clostridiales|f__Lachnospiraceae|g__Lachnospiraceae_unclassified|s__Eubacterium_rectale",0,0,0,0,0,0.17381,0.05414,0,8.32923,0,15.3692,0.00803,0.09688,0,0.20669,0,2.03438,0.12765,0.37462,0,0,0,0,0.06229,0,0,0.29145,0,0.01237,0.15454,0,0,27.11018,19.08036,23.42726,0.00696,0,0,18.52593,1.52688,0,0
"k__Bacteria|p__Actinobacteria|c__Actinobacteria|o__Bifidobacteriales|f__Bifidobacteriaceae|g__Bifidobacterium|s__Bifidobacterium_longum",0,0,0,0,0,0.15799,0.11182,0,3.04389,0.1498,5.70413,0,1.39564,0,0.33598,0.19088,1.19925,2.15836,2.24991,0.23632,0,1.0987,0,2.63006,4.36036,0.20549,1.8824,0,0.08133,4.39387,5.66916,1.07611,2.58215,1.71805,1.67424,2.15619,0,2.57961,6.06031,7.86209,0,0
"k__Bacteria|p__Bacteroidetes|c__Bacteroidia|o__Bacteroidales|f__Bacteroidaceae|g__Bacteroides|s__Bacteroides_eggerthii",0,0,0,0,0,0.1497,0,0,0,0,1.51423,0.02597,0,0,0,0,1.08015,0,0,0,0,0,0,0.05399,0,0.25411,0,0,0.0257,0,0,0.11176,0,0,0,10.2052,0,0,0,0,0,0
"k__Bacteria|p__Actinobacteria|c__Coriobacteriia|o__Coriobacteriales|f__Coriobacteriaceae|g__Collinsella|s__Collinsella_aerofaciens",0,0,0,0,0,0.14791,1.29254,0,1.73658,0,4.59592,5.98074,0.40048,0,5.85659,0,0.87468,7.97935,3.99023,2.28584,3.10142,1.75633,0.6008,9.59895,12.26898,0.59278,3.88563,0,0.74343,6.7094,4.76158,4.38606,5.84998,1.70282,4.83222,2.94443,2.21956,0,4.1372,2.84681,0,4.40239
"k__Bacteria|p__Verrucomicrobia|c__Verrucomicrobiae|o__Verrucomicrobiales|f__Akkermansiaceae|g__Akkermansia|s__Akkermansia_muciniphila",0,0,0,0,0,0,31.35695,0,0.29048,0.51906,0.00634,0,23.43329,0,0,0,0.14114,0,0.00973,0,0,1.29992,0.02342,0.91843,0.00209,3.38109,6.23894,0,0,0,0,1.1486,7.89031,0.43437,13.83959,6.81079,0,0.64513,0.54615,0.29973,0,0
"k__Bacteria|p__Firmicutes|c__Clostridia|o__Clostridiales|f__Ruminococcaceae|g__Ruminococcus|s__Ruminococcus_lactaris",0,0,0,0,0,0,6.66398,0,0,0,0.7232,0,1.19268,0,0,0,3.39668,0,2.6283,0,0,5.35198,0,0,0.87815,0,0,0,0,0,0.95391,0,0.85807,0,1.14865,0,0,0,0,0,0,0
"k__Bacteria|p__Firmicutes|c__Clostridia|o__Clostridiales|f__Lachnospiraceae|g__Dorea|s__Dorea_longicatena",0,0,0,0,0,0,3.0198,0,1.04837,0,6.08989,22.82607,0.31612,0,1.1993,0,1.81781,6.31376,1.54894,0,0,2.17847,0,0.09238,3.40299,3.86393,3.74398,0,0,0.1141,6.88148,1.27849,4.68348,1.33145,5.04085,0.06673,0.15955,5.56396,4.9253,4.07916,0,0
"k__Bacteria|p__Firmicutes|c__Clostridia|o__Clostridiales|f__Lachnospiraceae|g__Dorea|s__Dorea_formicigenerans",0,0,0,0,0,0,2.47883,0,1.05548,0,2.25262,4.47338,0.06983,0,0.51534,0.116,0.75995,1.68545,0.19681,0,0.30819,0.26588,0,2.4077,6.15866,1.3319,7.11589,0,0.02619,0.43904,1.81133,0.2451,1.53968,0.25928,1.41563,0.44364,0,1.0688,0.2627,1.20238,0,0
"k__Bacteria|p__Firmicutes|c__Clostridia|o__Clostridiales|f__Lachnospiraceae|g__Roseburia|s__Roseburia_inulinivorans",0,0,0,0,0,0,2.15539,0,0.62607,0,1.13609,0,0,0,5.06124,0.01923,2.24634,0.12691,0.0311,0,0,0,0,1.0326,0.87738,0.288,0,0,0,0.03423,1.45057,0.91576,0.60219,0.83803,2.29755,0.47147,1.67343,0,0.04439,0,0,0
"k__Bacteria|p__Firmicutes|c__Clostridia|o__Clostridiales|f__Lachnospiraceae|g__Blautia|s__Ruminococcus_torques",0,0,0,0,0,0,1.54101,0,0,0,0,7.56759,0.29898,0,1.60022,0,1.39906,1.44488,1.31192,0,0,0,0,3.64264,9.37853,7.20358,13.17615,0,0,0,0.89447,0.71517,0,0.19109,0.09325,0.48636,0,11.53429,0,5.84173,0,0
"k__Bacteria|p__Bacteroidetes|c__Bacteroidia|o__Bacteroidales|f__Odoribacteraceae|g__Odoribacter|s__Odoribacter_splanchnicus",0,0,0,0,0,0,1.14508,0,0,0,0.1183,0.119,0.63158,0,3.83024,0.65406,0.39497,0,2.8927,0,0,0,0,0.37077,0,0.67108,0.82751,0,0.96836,1.61645,0.06412,0.95074,0,0.24855,0,0.70743,0,0.312,0,0.37215,0,2.92581
"k__Bacteria|p__Firmicutes|c__Clostridia|o__Clostridiales|f__Lachnospiraceae|g__Roseburia|s__Roseburia_hominis",0,0,0,0,0,0,1.03201,0,0,0,0,0,0.06256,0,0.05259,0,0.1743,0.03668,0.44618,0,0,0,0,0.90283,0.38932,3.47077,0.04573,0,0,0.13587,0,4.60054,0,0,0.12566,0,0,0.18688,0,0,0,0
"k__Bacteria|p__Firmicutes|c__Clostridia|o__Clostridiales|f__Lachnospiraceae|g__Coprococcus|s__Coprococcus_catus",0,0,0,0,0,0,0.76739,0,0,0,0.19375,0.00558,0.22876,0,1.03846,0,0.52445,0.55526,0.42422,0,0,0,0,2.42402,0.18358,0.05391,0.39524,0,0.00954,0,0.15833,0.55894,0,0.0714,0,0.1398,0,0.01304,0.28537,0.3761,0,0
"k__Bacteria|p__Firmicutes|c__Clostridia|o__Clostridiales|f__Lachnospiraceae|g__Coprococcus|s__Coprococcus_comes",0,0,0,0,0,0,0.7593,0,0.07262,0,3.25185,2.39834,0.21942,0,0.38513,0.05453,1.54075,2.63455,0.94416,0,0,2.93851,0,0.19436,1.53177,2.02241,1.14141,0,0.02013,1.45184,0.70306,0.6864,2.67992,1.2313,4.27348,0.96794,0,2.00144,2.7304,1.69059,0,0
"k__Bacteria|p__Actinobacteria|c__Actinobacteria|o__Bifidobacteriales|f__Bifidobacteriaceae|g__Bifidobacterium|s__Bifidobacterium_adolescentis",0,0,0,0,0,0,0.75178,0,0,0,3.51413,0,0,0,4.30588,0,3.88889,13.1522,5.84898,0.96249,0,0,0,9.85461,0,2.00175,0.10253,0,0,1.5227,12.7164,1.01842,0,3.92431,0.16702,0,0,2.97166,1.06968,1.13561,0,0
"k__Bacteria|p__Firmicutes|c__Clostridia|o__Clostridiales|f__Eubacteriaceae|g__Eubacterium|s__Eubacterium_sp_CAG_180",0,0,0,0,0,0,0.55048,0,0,0,0,0,0,0,0,0,0,0,0,0,0,0,0,0,0,0,0,0,0,0,0,0,0,0,0,0,0,0,0,0,0,0
"k__Bacteria|p__Bacteroidetes|c__Bacteroidia|o__Bacteroidales|f__Bacteroidaceae|g__Bacteroides|s__Bacteroides_plebeius",0,0,0,0,0,0,0.29094,0,0,0,3.29208,0,0,0,4.44439,0,0.20813,0,0,0,0,0,0,0,0,0,0,0,0,0,0,0,0.05209,0,0.00298,0,0,0,0,0,0,0
"k__Bacteria|p__Bacteroidetes|c__Bacteroidia|o__Bacteroidales|f__Barnesiellaceae|g__Barnesiella|s__Barnesiella_intestinihominis",0,0,0,0,0,0,0.27629,0,0,0.06297,1.76388,0.03561,0.87388,0,0.51663,0,2.81755,0.35244,10.39028,0.404,0,0,1.76433,0.05157,0,3.12588,0.03492,0,0.67482,0.6212,1.42303,1.06168,0,0.48302,0.07888,1.3374,0,0,0,1.10546,0,0.28463
"k__Bacteria|p__Firmicutes|c__Clostridia|o__Clostridiales|f__Oscillospiraceae|g__Oscillibacter|s__Oscillibacter_sp_57_20",0,0,0,0,0,0,0.21766,0,0,0,0,0,0.03349,0,0.11757,0,0.01396,0,0.1129,0,0,0,0,0,0.05012,0.13473,0,0,0.01951,0,0,0,0,0.11092,0,0.06069,0,0.01456,0,0,0,0
"k__Bacteria|p__Firmicutes|c__Clostridia|o__Clostridiales|f__Lachnospiraceae|g__Blautia|s__Blautia_obeum",0,0,0,0,0,0,0.19824,0,0.55818,0,1.43157,0.26412,0.21996,0,0.92462,0,4.06804,2.04061,1.12235,0,0,0.44158,0,0.66816,0.33723,1.36551,0.35518,0,0,0.4216,3.96356,1.52054,3.12563,0.58905,4.22883,0.74294,1.74354,0,2.22016,0.46547,0,0
"k__Bacteria|p__Bacteroidetes|c__Bacteroidia|o__Bacteroidales|f__Rikenellaceae|g__Alistipes|s__Alistipes_finegoldii",0,0,0,0,0,0,0.13847,0,0,0.98101,0.01073,0.1518,0.34575,0,0,0,0.9244,0,0.1419,0,0,0,0,0.01221,0.12137,0.07104,0.52445,0,0,0.02547,0,0.49988,0,0,0,0.02922,0,0.08122,0,0.11662,0,0
"k__Bacteria|p__Actinobacteria|c__Coriobacteriia|o__Eggerthellales|f__Eggerthellaceae|g__Asaccharobacter|s__Asaccharobacter_celatus",0,0,0,0,0,0,0.13669,0,0,0,0.52343,0.59486,0,0,0,0,0.48427,0.52184,0.21543,0,0,0.00822,0,0.08023,0,0,0.84062,0,0,0,0.1686,0.34347,0.1084,0.01402,0.22679,0.02795,0,0.05363,0.03548,0.4828,0,0
"k__Bacteria|p__Firmicutes|c__Clostridia|o__Clostridiales|f__Oscillospiraceae|g__Oscillibacter|s__Oscillibacter_sp_CAG_241",0,0,0,0,0,0,0.11621,0,0,0,0,0,0,0,0.02573,0,0.01792,0,0.25255,0,0,0,0,0.89778,0,0,0,0,0.03321,0,0,0,0,0,0,0.01166,0,0,0,0,0,0
"k__Bacteria|p__Firmicutes|c__Clostridia|o__Clostridiales|f__Lachnospiraceae|g__Coprococcus|s__Coprococcus_eutactus",0,0,0,0,0,0,0.10678,0,0,0,0,0,0,0,0.24811,0,0.85079,0,0,0,0,0,0,0.39454,0,0,0,0,0,0,0,0,0,0,0,0,0,0,0,0,0,0
"k__Bacteria|p__Actinobacteria|c__Coriobacteriia|o__Eggerthellales|f__Eggerthellaceae|g__Adlercreutzia|s__Adlercreutzia_equolifaciens",0,0,0,0,0,0,0.10494,0,0,0,0.2666,0.23477,0,0,0,0,0.26999,1.61283,0.05561,0,0,0.00114,0,0.05031,0,0,0.86854,0,0,0,0.14068,0.27883,0.14064,0.02167,0.17308,0.01916,0,0.06113,0,0.56701,0,0
"k__Bacteria|p__Bacteroidetes|c__Bacteroidia|o__Bacteroidales|f__Bacteroidaceae|g__Bacteroides|s__Bacteroides_nordii",0,0,0,0,0,0,0.0737,0,0,0,0,0,0,0,0,0,0,0,0,0,0,0,0,0,0,0,0,0,0,0,0,0,0,0,0,0,0,0.00501,0,0,0,0
"k__Bacteria|p__Bacteroidetes|c__Bacteroidia|o__Bacteroidales|f__Rikenellaceae|g__Alistipes|s__Alistipes_indistinctus",0,0,0,0,0,0,0.0715,0,0,0,0.12128,0,0.03624,0,0.06603,0,0,0,0.06349,0,0,0,0,0,0,0.1042,0,0,0,0.02965,0.05542,0,0,0,0,0.00695,0,0,0,0,0,0
"k__Bacteria|p__Proteobacteria|c__Deltaproteobacteria|o__Desulfovibrionales|f__Desulfovibrionaceae|g__Bilophila|s__Bilophila_wadsworthia",0,0,0,0,0,0,0.05342,0,0,0,0,0,0,0,0.04179,0.0207,0.11961,0,0.0292,0,0,0,0,0,0,0,0,0,0.0294,0.13581,0,0.08029,0,0,0,0,0,0,0,0,0,0
"k__Bacteria|p__Bacteroidetes|c__Bacteroidia|o__Bacteroidales|f__Prevotellaceae|g__Prevotella|s__Prevotella_copri",0,0,0,0,0,0,0.0519,0,0,0,0,0,0,0,0,0,9.65356,0.51749,0,0,0,0,1.30275,0,0,0.51926,0,0,0,0,0,0.24074,0,0,0,0,0,0,0,0,0,6.05417
"k__Bacteria|p__Firmicutes|c__Clostridia|o__Clostridiales|f__Eubacteriaceae|g__Eubacterium|s__Eubacterium_eligens",0,0,0,0,0,0,0.03822,0,2.14709,0,0.04968,0.86483,0,0,0,0,3.31783,0.00284,1.90318,0,0,0,0,0.7166,0.0023,0,0.01377,0,0,0.55081,0.01817,0.02878,0.12645,0.48628,0.81599,0,0,0,0,0.21272,0,0
"k__Bacteria|p__Firmicutes|c__Clostridia|o__Clostridiales|f__Lachnospiraceae|g__Lachnoclostridium|s__Clostridium_citroniae",0,0,0,0,0,0,0.03805,0,0,0,0,0,0,0,0,1.69485,0,0,0,0,0,0,0,0,0,0,0.01218,0,0,0,0,0,0,0,0,0,0,0,0,0,0,0
"k__Bacteria|p__Bacteroidetes|c__Bacteroidia|o__Bacteroidales|f__Porphyromonadaceae|g__Porphyromonas|s__Porphyromonas_asaccharolytica",0,0,0,0,0,0,0.03076,0,0,0,0,0,0,0,0,0.29861,0,0,0,0.06538,0,0,0,1.26658,0,0,0,0,0.08138,0,0,0,0,0,0,0,0,0,0,0,0,0
"k__Bacteria|p__Actinobacteria|c__Actinobacteria|o__Actinomycetales|f__Actinomycetaceae|g__Actinomyces|s__Actinomyces_turicensis",0,0,0,0,0,0,0.03071,0,0,0,0,0,0,0,0,0,0,0,0,0,0,0,0,0.00533,0,0,1.45823,0,0.41366,0,0,0,0,0,0,0,0,0,0,0,0,0
"k__Bacteria|p__Firmicutes|c__Tissierellia|o__Tissierellales|f__Peptoniphilaceae|g__Parvimonas|s__Parvimonas_sp_KA00067",0,0,0,0,0,0,0.02873,0,0,0,0,0,0,0,0,0,0,0,0,2.24417,0,0,0,0,0,0,0,1.15001,0,0,0,0,0,0,0,0,0,0,0,0,0,0
"k__Bacteria|p__Bacteroidetes|c__Bacteroidia|o__Bacteroidales|f__Rikenellaceae|g__Alistipes|s__Alistipes_shahii",0,0,0,0,0,0,0.02673,0,0,0,0.04483,0,0.0331,0,0.43277,0,0.28625,0,0.05293,0,0,0,0,0.03465,0,0.01759,0.02226,0,0.00719,0.00593,0,0,0,0.02601,0,0.2125,0,0.03493,0,0.31048,0,0
"k__Bacteria|p__Firmicutes|c__Bacilli|o__Lactobacillales|f__Streptococcaceae|g__Streptococcus|s__Streptococcus_parasanguinis",0,0,0,0,0,0,0.02621,0,0,0,0,4.12765,0.02195,0,0,0,0,0.86049,0,0,0,0,0,0,1.16649,0,0.26905,0,0,0.10439,0.20584,0.05568,0,0,0.03938,0,0,0.38632,0,0.10683,0,0
"k__Bacteria|p__Firmicutes|c__Bacilli|o__Bacillales|f__Bacillales_unclassified|g__Gemella|s__Gemella_morbillorum",0,0,0,0,0,0,0.02603,0,0,0,0,0,0,0,0,0,0,0,0,0,0,0,0,0,0.12022,0,0,0,1.27196,0,0,0,0,0,0,0,0,0,0,0,0,0
"k__Bacteria|p__Firmicutes|c__Clostridia|o__Clostridiales|f__Eubacteriaceae|g__Eubacterium|s__Eubacterium_ramulus",0,0,0,0,0,0,0.01696,0,0,0,0,0.37962,0,0,0,0,0.07595,0.12029,0.00551,0,0,0,0,0.12023,0.10539,0.00718,0.01654,0,0,0.01187,0.02936,0.00499,0,0,0,0,0,0,0.02915,0.00524,0,0
"k__Bacteria|p__Actinobacteria|c__Coriobacteriia|o__Coriobacteriales|f__Atopobiaceae|g__Atopobium|s__Atopobium_minutum",0,0,0,0,0,0,0.01681,0,0,0,0,0,0,0,0,0,0,0,0,0,0,0,0,0,0,0,0.00452,0,0,0,0,0,0,0,0,0,0,0,0,0,0,0
"k__Bacteria|p__Firmicutes|c__Bacilli|o__Lactobacillales|f__Streptococcaceae|g__Streptococcus|s__Streptococcus_oralis",0,0,0,0,0,0,0.01435,0,0,0,0,0.04208,0,0,0,0.44409,0,0,0,0,0,0,0,0,0,0,0.08237,0,0.00181,0,0,0,0,0,0,0,0,0,0,0,0,0
"k__Bacteria|p__Firmicutes|c__Erysipelotrichia|o__Erysipelotrichales|f__Erysipelotrichaceae|g__Holdemanella|s__Holdemanella_biformis",0,0,0,0,0,0,0.01425,0,0,0,0,0,0.33555,0,0,0,0.48402,0,0,0,0,0,0,0.03376,0,0,0,0,0,0,0,0,0.21113,0.00241,0.17019,0,0,0.61714,0,0,0,0
"k__Bacteria|p__Firmicutes|c__Bacilli|o__Bacillales|f__Bacillales_unclassified|g__Gemella|s__Gemella_sanguinis",0,0,0,0,0,0,0.01321,0,0,0,0,0.08908,0,0,0,0.78498,0,0.02602,0,0.08056,0,0,0.20196,0,0.00559,0,0.05571,0,0,0,0,0,0,0,0,0,0,0,0,0,0,0
"k__Bacteria|p__Firmicutes|c__Clostridia|o__Clostridiales|f__Eubacteriaceae|g__Eubacterium|s__Eubacterium_ventriosum",0,0,0,0,0,0,0.00897,0,0,0,0,0,0,0,0,0,0.76611,0.08271,0.34231,0,0,0,0,0.03874,0,0,0,0,0,0,0.11714,0,0,0,0,0.03491,0,0,0,0,0,0
"k__Bacteria|p__Firmicutes|c__Clostridia|o__Clostridiales|f__Ruminococcaceae|g__Gemmiger|s__Gemmiger_formicilis",0,0,0,0,0,0,0.0083,0,0,0,0,0.12565,0,0,0.00541,0,0.09891,0,0,0,0,0,0,0.07999,0.04116,0.09333,0.06391,0,0,0,0.01649,0.04727,0,0,0,0,0,0,0,0.03379,0,0
"k__Bacteria|p__Firmicutes|c__Bacilli|o__Lactobacillales|f__Streptococcaceae|g__Streptococcus|s__Streptococcus_gordonii",0,0,0,0,0,0,0.00819,0,0,0,0,0.00916,0,0,0,0,0,0,0,0,0,0,0,0,0.10569,0,0,0,0,0,0,0,0,0,0,0,0,0,0,0,0,0
"k__Bacteria|p__Firmicutes|c__Bacilli|o__Lactobacillales|f__Streptococcaceae|g__Streptococcus|s__Streptococcus_mitis",0,0,0,0,0,0,0.00675,0,0,0,0,0.10225,0,0,0,0,0,0.04765,0,0,0,0,0,0,0,0,0,0,0,0,0,0,0,0,0,0,0,0,0,0,0,0
"k__Bacteria|p__Actinobacteria|c__Actinobacteria|o__Actinomycetales|f__Actinomycetaceae|g__Actinomyces|s__Actinomyces_graevenitzii",0,0,0,0,0,0,0.00511,0,0,0,0,0.22055,0,0,0,0,0,0,0,0,0,0,0,0,0,0,0.00719,0,0,0,0.06008,0,0,0,0,0,0,0,0,0,0,0
"k__Bacteria|p__Proteobacteria|c__Betaproteobacteria|o__Burkholderiales|f__Sutterellaceae|g__Parasutterella|s__Parasutterella_excrementihominis",0,0,0,0,0,0,0.00333,0,0,0,0.53024,0,0,0,0,0,0.20605,0.00363,0.58101,0,0,0,0,0,0.11247,0,0,0,0,0,0,0,0,0,0,0.04794,0,0,0,0,0,0
"k__Bacteria|p__Firmicutes|c__Firmicutes_unclassified|o__Firmicutes_unclassified|f__Firmicutes_unclassified|g__Firmicutes_unclassified|s__Firmicutes_bacterium_CAG_110",0,0,0,0,0,0,0.00229,0,0,0,0,0,0,0,0.01037,0,0.00456,0,0.00648,0,0,0,0,0.0043,0,0,0,0,0,0,0,0,0,0,0,0.01055,0,0,0,0,0,0
"k__Bacteria|p__Actinobacteria|c__Actinobacteria|o__Actinomycetales|f__Actinomycetaceae|g__Actinomyces|s__Actinomyces_oris",0,0,0,0,0,0,0.00113,0,0,0,0,0,0,0,0,0,0,0.0369,0,0,0,0,0,0.02662,0.02386,0,0.13732,0,0,0,0,0,0,0,0,0,0,0,0,0,0,0
"k__Bacteria|p__Firmicutes|c__Clostridia|o__Clostridiales|f__Lachnospiraceae|g__Butyrivibrio|s__Butyrivibrio_crossotus",0,0,0,0,0,0,0,0,13.45442,0,0,0,0,0,0,0,0,0,0,0,0,0,0,0.03033,0,1.48178,0,0,0,0,0,0,0,0,0,0,0,0,0,0,0,0
"k__Archaea|p__Euryarchaeota|c__Methanobacteria|o__Methanobacteriales|f__Methanobacteriaceae|g__Methanobrevibacter|s__Methanobrevibacter_smithii",0,0,0,0,0,0,0,0,2.95427,0,0.0386,0,0,0,5.11122,0,0,0,0,0,0,0,0,17.70247,0,0,0,0,0,0,0,0.025,0,0.12508,0,0.27286,0,1.23868,0,0,0,0
"k__Bacteria|p__Actinobacteria|c__Actinobacteria|o__Bifidobacteriales|f__Bifidobacteriaceae|g__Bifidobacterium|s__Bifidobacterium_catenulatum",0,0,0,0,0,0,0,0,1.18455,0,0,0,0,0,0,0,0,0,0,0,0,0,0,0,0,0,0.03118,0,0,0,0,0,0,0,0,0,0,0,1.79879,1.45251,0,0
"k__Bacteria|p__Bacteroidetes|c__Bacteroidia|o__Bacteroidales|f__Porphyromonadaceae|g__Porphyromonas|s__Porphyromonas_uenonis",0,0,0,0,0,0,0,0,0.10696,0,0,0,0,0,0,0,0,0,0,0,0,0,0,0.0305,0,0,0,0,62.96417,0,0,0,0,0,0,0,0,0,0,0,0,0
"k__Bacteria|p__Firmicutes|c__Tissierellia|o__Tissierellales|f__Peptoniphilaceae|g__Anaerococcus|s__Anaerococcus_lactolyticus",0,0,0,0,0,0,0,0,0.00281,0,0,0,0,0,0,0,0,0,0,0,0,0,0,0,0,0,0,0,0,0,0,0,0,0,0,0,0,0,0,0,0,0
"k__Bacteria|p__Bacteroidetes|c__Bacteroidia|o__Bacteroidales|f__Bacteroidaceae|g__Bacteroides|s__Bacteroides_clarus",0,0,0,0,0,0,0,0,0,1.39862,0,0,0,0,0,0,0,0,0,0,0,0,0,0,0,0,0,0,0.02049,0,0,0,0,0.36642,0,0.05732,0,0,0,0,0,0
"k__Bacteria|p__Firmicutes|c__Clostridia|o__Clostridiales|f__Ruminococcaceae|g__Ruminococcaceae_unclassified|s__Eubacterium_siraeum",0,0,0,0,0,0,0,0,0,0.48022,0,0,0,0,2.75782,0,1.60406,0,0.26332,0,0,0,0,1.91291,0,0,0,0,0,0,0,0,4.59409,4.54873,3.25997,0.04842,0,0,0,3.1633,0,0
"k__Bacteria|p__Firmicutes|c__Clostridia|o__Clostridiales|f__Lachnospiraceae|g__Blautia|s__Blautia_sp_An249",0,0,0,0,0,0,0,0,0,0.19106,0,0,0,0,0,0,0,0,0,0,0,0,0,0,0,0,0,0,0,0,0,0,0,0,0,0,0,0,0,0,0,0
"k__Bacteria|p__Firmicutes|c__Clostridia|o__Clostridiales|f__Clostridiales_unclassified|g__Intestinimonas|s__Intestinimonas_butyriciproducens",0,0,0,0,0,0,0,0,0,0.17759,0,0,0,0,0,0,0,0,0,0,0,0,0,0,0,0,0,0,0,0,0,0,0,0,0,0,0,0.00423,0,0,0,0
"k__Bacteria|p__Firmicutes|c__Clostridia|o__Clostridiales|f__Lachnospiraceae|g__Blautia|s__Blautia_producta",0,0,0,0,0,0,0,0,0,0.04671,0,0,0,0,0,0,0,0,0,0,0,0,0,0,0,0,0,0,0,0,0,0,0,0,0,0,0,0,0,0,0,0
"k__Bacteria|p__Firmicutes|c__Clostridia|o__Clostridiales|f__Lachnospiraceae|g__Lachnoclostridium|s__Clostridium_hylemonae",0,0,0,0,0,0,0,0,0,0.03932,0,0,0,0,0,0,0,0,0,0,0,0,0,0,0,0,0,0,0,0,0,0,0,0,0,0,0,0,0,0,0,0
"k__Bacteria|p__Bacteroidetes|c__Bacteroidia|o__Bacteroidales|f__Bacteroidaceae|g__Bacteroides|s__Bacteroides_coprocola",0,0,0,0,0,0,0,0,0,0,0.61949,0,0,0,0.07996,0,0,0,0,0,0,0,0,0,0,0,0,0,0.11185,0,0,0,0,0,0,0,0,0,0,0,0,0
"k__Bacteria|p__Bacteroidetes|c__Bacteroidia|o__Bacteroidales|f__Tannerellaceae|g__Parabacteroides|s__Parabacteroides_goldsteinii",0,0,0,0,0,0,0,0,0,0,0.48888,0,0,0,0,0,0,0.10828,0,0,0,0,0,0.07698,0,0,0,0,0,0,0,0,0,0,0,0.32282,0,0.13587,0,0,0,0
"k__Bacteria|p__Proteobacteria|c__Proteobacteria_unclassified|o__Proteobacteria_unclassified|f__Proteobacteria_unclassified|g__Proteobacteria_unclassified|s__Proteobacteria_bacterium_CAG_139",0,0,0,0,0,0,0,0,0,0,0.14758,0,0,0,0,0,0,0.34065,0.13147,0,0,0,0,0,0,0,0,0,0,0,0,0,0,0,0,0,0,0,0,0,0,0
"k__Bacteria|p__Firmicutes|c__Clostridia|o__Clostridiales|f__Ruminococcaceae|g__Ruminococcus|s__Ruminococcus_bicirculans",0,0,0,0,0,0,0,0,0,0,0.1158,0,0.00473,0,0,0,0,0,0,0,0,0,0,0,0,0.03072,0,0,0,0.31586,0,0.05653,0,0,0,0.01162,0,0.12951,0,0.31691,0,0
"k__Bacteria|p__Firmicutes|c__Bacilli|o__Lactobacillales|f__Lactobacillaceae|g__Lactobacillus|s__Lactobacillus_acidophilus",0,0,0,0,0,0,0,0,0,0,0.08755,0,0,0,0,0,0,0,0.05498,0,0,0,0,0,0,0,0,0,0,0,0,0,0,0,0,0,0,0,0,0,0,0
"k__Bacteria|p__Firmicutes|c__Erysipelotrichia|o__Erysipelotrichales|f__Erysipelotrichaceae|g__Turicibacter|s__Turicibacter_sanguinis",0,0,0,0,0,0,0,0,0,0,0.04292,0,0,0,0,0,0,0,0.04451,0,0,0,0,0.53074,0.1436,0,0,0,0,0,0.01975,0.01012,0,0,0,0,0,0,0,0,0,0
"k__Bacteria|p__Actinobacteria|c__Actinobacteria|o__Actinomycetales|f__Actinomycetaceae|g__Actinomyces|s__Actinomyces_sp_ICM47",0,0,0,0,0,0,0,0,0,0,0.03512,0.1413,0,0,0,0,0,0.11866,0,0,0,0,0,0,0.01827,0,0.00951,0,0,0,0,0,0,0,0,0,0,0.00132,0,0,0,0
"k__Bacteria|p__Firmicutes|c__Bacilli|o__Lactobacillales|f__Leuconostocaceae|g__Leuconostoc|s__Leuconostoc_gelidum",0,0,0,0,0,0,0,0,0,0,0,1.39864,0,0,0,0,0,0,0,0,0,0,0,0,0,0,0,0,0,0,0,0,0,0,0,0,0,0,0,0,0,0
"k__Bacteria|p__Firmicutes|c__Bacilli|o__Lactobacillales|f__Streptococcaceae|g__Streptococcus|s__Streptococcus_australis",0,0,0,0,0,0,0,0,0,0,0,0.42099,0,0,0,0,0,0,0,0,0,0,0,0,0,0,0.01499,0,0,0,0,0,0,0,0,0,0,0,0,0,0,0
"k__Bacteria|p__Actinobacteria|c__Actinobacteria|o__Micrococcales|f__Micrococcaceae|g__Rothia|s__Rothia_mucilaginosa",0,0,0,0,0,0,0,0,0,0,0,0.38109,0,0,0,0,0,0.07552,0,0,0,0,0,0,0.01143,0,0.001,0,0,0,0,0.03785,0.01371,0,0.01728,0,0,0,0,0,0,0
"k__Bacteria|p__Actinobacteria|c__Actinobacteria|o__Bifidobacteriales|f__Bifidobacteriaceae|g__Bifidobacterium|s__Bifidobacterium_animalis",0,0,0,0,0,0,0,0,0,0,0,0.32299,0,0,0.85314,0,0,0,0.06873,0,0,0.16417,0.74953,0,0,11.19099,0,0,0,0,0,0,0,0,3.60505,0,0,0,0.07612,0,0,0
"k__Bacteria|p__Actinobacteria|c__Actinobacteria|o__Actinomycetales|f__Actinomycetaceae|g__Actinomyces|s__Actinomyces_odontolyticus",0,0,0,0,0,0,0,0,0,0,0,0.31145,0,0,0,0,0,0.03031,0,0,0,0,0,0.00894,0,0,0.06201,0,0,0,0,0,0,0,0,0,0,0,0,0,0,0
"k__Bacteria|p__Firmicutes|c__Erysipelotrichia|o__Erysipelotrichales|f__Erysipelotrichaceae|g__Erysipelothrix|s__Erysipelothrix_larvae",0,0,0,0,0,0,0,0,0,0,0,0.23059,0,0,0,0,0,0,0,0,0,0,0,0,0,0,0,0,0,0,0,0,0,0,0,0,0,0,0,0,0,0
"k__Bacteria|p__Firmicutes|c__Bacilli|o__Lactobacillales|f__Streptococcaceae|g__Lactococcus|s__Lactococcus_piscium",0,0,0,0,0,0,0,0,0,0,0,0.20215,0,0,0,0,0,0,0,0,0,0,0,0,0,0,0,0,0,0,0,0,0,0,0,0,0,0,0,0,0,0
"k__Bacteria|p__Firmicutes|c__Bacilli|o__Lactobacillales|f__Leuconostocaceae|g__Leuconostoc|s__Leuconostoc_lactis",0,0,0,0,0,0,0,0,0,0,0,0.15147,0,0,0,0,0,0,0,0,0,0,0,0,0,0,0,0,0,0,0,0,0,0,0,0,0,0,0,0,0,0
"k__Bacteria|p__Firmicutes|c__Clostridia|o__Clostridiales|f__Lachnospiraceae|g__Lachnospira|s__Lachnospira_pectinoschiza",0,0,0,0,0,0,0,0,0,0,0,0.01033,0,0,0,0,0.56371,0,0,0,0,0,0,0,0.15067,0.06999,0,0,0,0,0,0,0,0.45132,0,0,0,0,0,0,0,0
"k__Bacteria|p__Firmicutes|c__Bacilli|o__Lactobacillales|f__Streptococcaceae|g__Streptococcus|s__Streptococcus_anginosus_group",0,0,0,0,0,0,0,0,0,0,0,0.00959,0,0.2051,0,0.0919,0,0,0,0,0,0,0,0,0.06603,0,0,0,0.7402,0,0,0,0,0,0,0,0,0,0,0,0,0
"k__Bacteria|p__Firmicutes|c__Clostridia|o__Clostridiales|f__Lachnospiraceae|g__Roseburia|s__Roseburia_sp_CAG_471",0,0,0,0,0,0,0,0,0,0,0,0.00231,0,0,0,0,0.02564,0.03261,0,0,0,0,0,0,0,0.05471,0,0,0,0,0,0,0,0,0,0,0,0,0,0,0,0
"k__Bacteria|p__Bacteroidetes|c__Bacteroidia|o__Bacteroidales|f__Prevotellaceae|g__Prevotella|s__Prevotella_sp_CAG_1320",0,0,0,0,0,0,0,0,0,0,0,0,8.63317,0,0,0,0,0,0,0,0,0,0,0,0,0,0,0,0,0,0,0,0,0,0,0,0,0,0,0,0,0
"k__Bacteria|p__Actinobacteria|c__Actinobacteria|o__Bifidobacteriales|f__Bifidobacteriaceae|g__Bifidobacterium|s__Bifidobacterium_pseudocatenulatum",0,0,0,0,0,0,0,0,0,0,0,0,1.00357,0,0.08115,0,0,0.06048,0,0,0,0,0,0,0,0,0.21398,0,0,0,0,0,1.96469,0.02112,2.15103,0.93531,0,0,0.96111,6.28619,0,0
"k__Bacteria|p__Bacteroidetes|c__Bacteroidia|o__Bacteroidales|f__Bacteroidaceae|g__Bacteroides|s__Bacteroides_finegoldii",0,0,0,0,0,0,0,0,0,0,0,0,0.89042,0,0,0,0.0504,0,0,0,0,0,0,0,0,0,0,0,0,0.29432,0,0,0,0,0,0,0,0.11066,0,0,0,0
"k__Bacteria|p__Firmicutes|c__Negativicutes|o__Acidaminococcales|f__Acidaminococcaceae|g__Phascolarctobacterium|s__Phascolarctobacterium_succinatutens",0,0,0,0,0,0,0,0,0,0,0,0,0.36666,0,0,0,0,0,0,0,0,0,0,0,0,0,0,0,0,0,0,0,0,0,0,3.00673,0,0,0,0,0,0
"k__Bacteria|p__Firmicutes|c__Clostridia|o__Clostridiales|f__Eubacteriaceae|g__Eubacterium|s__Eubacterium_sp_CAG_251",0,0,0,0,0,0,0,0,0,0,0,0,0.0225,0,0,0,0,0,0,0,0,0,0,0,0,0,0,0,0,0,0,0,0,0.0283,0,0,0,0,0,0,0,0
"k__Bacteria|p__Bacteroidetes|c__Bacteroidia|o__Bacteroidales|f__Prevotellaceae|g__Paraprevotella|s__Paraprevotella_xylaniphila",0,0,0,0,0,0,0,0,0,0,0,0,0.02199,0,0,0,0,0,0,0,0,0,0,0,0,0,0,0,0,0,0,0.04668,0,0.22016,0,0,0,0.01608,0,0,0,0
"k__Bacteria|p__Actinobacteria|c__Coriobacteriia|o__Eggerthellales|f__Eggerthellaceae|g__Slackia|s__Slackia_isoflavoniconvertens",0,0,0,0,0,0,0,0,0,0,0,0,0.01561,0,0.01087,0,0.23056,0,0,0,0,0,0,0.18861,0,0.45986,2.19582,0,0.01669,0,0,0.6604,0.04075,0,0.1327,0,0,0,0.53174,1.6409,0,0
"k__Bacteria|p__Firmicutes|c__Clostridia|o__Clostridiales|f__Ruminococcaceae|g__Agathobaculum|s__Agathobaculum_butyriciproducens",0,0,0,0,0,0,0,0,0,0,0,0,0.00423,0,0,0,0.04149,0.16677,0,0,0,0,0,0,0.07357,0.03123,0,0,0,0,0.11047,0,0,0.07381,0,0,0,0.11531,0,0.00225,0,0
"k__Bacteria|p__Bacteroidetes|c__Bacteroidia|o__Bacteroidales|f__Bacteroidaceae|g__Bacteroides|s__Bacteroides_faecis",0,0,0,0,0,0,0,0,0,0,0,0,0,1.50178,0,0,0.3508,0,0,0,0,0,0,0,0,0,0,0,0.07866,0,0.22085,1.20648,0,1.36231,0,0,0,0,0,0,0,0
"k__Bacteria|p__Actinobacteria|c__Actinobacteria|o__Bifidobacteriales|f__Bifidobacteriaceae|g__Bifidobacterium|s__Bifidobacterium_bifidum",0,0,0,0,0,0,0,0,0,0,0,0,0,0,3.31494,0,0,8.0889,0,0,0,0,0,0,0,1.83648,5.01706,0,0,0,0,6.45575,0,0,0,3.50312,0,0,4.48678,2.7196,0,0
"k__Bacteria|p__Bacteroidetes|c__Bacteroidia|o__Bacteroidales|f__Bacteroidaceae|g__Bacteroides|s__Bacteroides_sp_CAG_443",0,0,0,0,0,0,0,0,0,0,0,0,0,0,1.6479,0,0,0,0,0,0,0,0.25409,0,0,1.63336,0,0,0,0,0,0,0,0,0.0758,0,0,0,0,0,0,0
"k__Bacteria|p__Bacteroidetes|c__Bacteroidia|o__Bacteroidales|f__Rikenellaceae|g__Alistipes|s__Alistipes_sp_An31A",0,0,0,0,0,0,0,0,0,0,0,0,0,0,1.0667,0,0,0,0,0,0,0,0,0,0,0,0,0,0,0,0,0,0,0,0,0,0,0,0,0,0,0
"k__Bacteria|p__Firmicutes|c__Negativicutes|o__Veillonellales|f__Veillonellaceae|g__Dialister|s__Dialister_sp_CAG_357",0,0,0,0,0,0,0,0,0,0,0,0,0,0,0.47755,0,0,0,0,0,0,0,0,0.01494,0,0,0,0,0,0,0,0,0,0.93685,0,0,0,0,0,0,0,0
"k__Bacteria|p__Actinobacteria|c__Coriobacteriia|o__Coriobacteriales|f__Atopobiaceae|g__Olsenella|s__Olsenella_scatoligenes",0,0,0,0,0,0,0,0,0,0,0,0,0,0,0.32409,0,0,0,0,0,0,0,0,0.21897,0,0,0,0,0,0,0,0,0,0,0,0,0,0,0.02102,0,0,0
"k__Bacteria|p__Bacteroidetes|c__Bacteroidia|o__Bacteroidales|f__Barnesiellaceae|g__Barnesiella|s__Barnesiella_sp_An22",0,0,0,0,0,0,0,0,0,0,0,0,0,0,0.12065,0,0,0,0,0,0,0,0,0,0,0,0,0,0,0,0,0,0,0,0,0,0,0,0,0,0,0
"k__Bacteria|p__Firmicutes|c__Erysipelotrichia|o__Erysipelotrichales|f__Erysipelotrichaceae|g__Faecalitalea|s__Faecalitalea_cylindroides",0,0,0,0,0,0,0,0,0,0,0,0,0,0,0.04219,0,0.02353,0,0,0,0,0,0,0,0,0,0,0,0,0,0,0,0,0,0,0.09075,0,1.22066,0,0,0,0
"k__Bacteria|p__Bacteroidetes|c__Bacteroidia|o__Bacteroidales|f__Bacteroidaceae|g__Bacteroides|s__Bacteroides_sp_CAG_144",0,0,0,0,0,0,0,0,0,0,0,0,0,0,0.01843,0,0,0,0,0,0,0,0,0,0,0,0,0,0,0,0,0,0,0,0,0,0,0,0,0,0,0
"k__Bacteria|p__Firmicutes|c__Firmicutes_unclassified|o__Firmicutes_unclassified|f__Firmicutes_unclassified|g__Firmicutes_unclassified|s__Firmicutes_bacterium_CAG_83",0,0,0,0,0,0,0,0,0,0,0,0,0,0,0.01488,0,0,0,0,0,0,0,0,0.05238,0.00713,0,0,0,0,0.2081,0,0,0,0,0,0.01415,0,0,0,0,0,0
"k__Bacteria|p__Firmicutes|c__Negativicutes|o__Acidaminococcales|f__Acidaminococcaceae|g__Phascolarctobacterium|s__Phascolarctobacterium_sp_CAG_266",0,0,0,0,0,0,0,0,0,0,0,0,0,0,0.00971,0,0.08266,0,0,0,0,0,0,0.09011,0,0.01216,0,0,0,0,0,0,0,0,0,0,0,0,0,0,0,0
"k__Bacteria|p__Bacteroidetes|c__Bacteroidia|o__Bacteroidales|f__Barnesiellaceae|g__Coprobacter|s__Coprobacter_secundus",0,0,0,0,0,0,0,0,0,0,0,0,0,0,0.0051,0,0,0,0.0481,0,0,0,0,0,0,0,0,0,0,0,0,0,0,0,0,0.02309,0,0,0,0,0,0
"k__Bacteria|p__Firmicutes|c__Firmicutes_unclassified|o__Firmicutes_unclassified|f__Firmicutes_unclassified|g__Firmicutes_unclassified|s__Firmicutes_bacterium_CAG_94",0,0,0,0,0,0,0,0,0,0,0,0,0,0,0.00338,0,0,0,0,0,0,0,0,0.03822,0,0,0,0,0,0,0,0,0,0,0,0,0,0,0,0,0,0
"k__Bacteria|p__Firmicutes|c__Tissierellia|o__Tissierellales|f__Peptoniphilaceae|g__Anaerococcus|s__Anaerococcus_vaginalis",0,0,0,0,0,0,0,0,0,0,0,0,0,0,0,1.07587,0,0,0,0,0,0,0,0.06079,0,0,0.02999,0,0,0,0,0,0,0,0,0,0,0,0,0,0,0
"k__Bacteria|p__Firmicutes|c__Bacilli|o__Lactobacillales|f__Enterococcaceae|g__Enterococcus|s__Enterococcus_faecalis",0,0,0,0,0,0,0,0,0,0,0,0,0,0,0,0.23523,0,0,0,0,4.09664,0,0,0.17223,0,0,0,0,0,0,0,0,0,0,0,0,0,0,0,0,0,0
"k__Bacteria|p__Firmicutes|c__Bacilli|o__Lactobacillales|f__Carnobacteriaceae|g__Granulicatella|s__Granulicatella_adiacens",0,0,0,0,0,0,0,0,0,0,0,0,0,0,0,0.10279,0,0,0,0,0,0,0,0,0.04403,0,0,0,0,0,0,0,0,0,0,0,0,0,0,0,0,0
"k__Bacteria|p__Firmicutes|c__Tissierellia|o__Tissierellales|f__Peptoniphilaceae|g__Peptoniphilus|s__Peptoniphilus_harei",0,0,0,0,0,0,0,0,0,0,0,0,0,0,0,0.09347,0,0,0,0,0,0,0,0,0,0,0,0,0,0,0,0,0,0,0,0,0,0,0,0,0,0
"k__Bacteria|p__Firmicutes|c__Clostridia|o__Clostridiales|f__Lachnospiraceae|g__Anaerotignum|s__Anaerotignum_lactatifermentans",0,0,0,0,0,0,0,0,0,0,0,0,0,0,0,0.06042,0,0,0,0,0,0,0,0,0,0,0,0,0,0,0,0,0,0,0,0,0,0,0,0,0,0
"k__Bacteria|p__Firmicutes|c__Bacilli|o__Bacillales|f__Bacillales_unclassified|g__Gemella|s__Gemella_asaccharolytica",0,0,0,0,0,0,0,0,0,0,0,0,0,0,0,0.04946,0,0,0,0,0,0,0,0,0,0,0,0,0,0,0,0,0,0,0,0,0,0,0,0,0,0
"k__Bacteria|p__Firmicutes|c__Tissierellia|o__Tissierellales|f__Peptoniphilaceae|g__Finegoldia|s__Finegoldia_magna",0,0,0,0,0,0,0,0,0,0,0,0,0,0,0,0.03436,0,0,0,0,0,0,0,0.01661,0,0,0,0,0,0,0,0,0,0,0,0,0,0,0,0,0,0
"k__Bacteria|p__Firmicutes|c__Clostridia|o__Clostridiales|f__Lachnospiraceae|g__Eisenbergiella|s__Eisenbergiella_tayi",0,0,0,0,0,0,0,0,0,0,0,0,0,0,0,0.0225,0,0,0,0,0,0,0,1.0477,0,0,0,0,0,0.00621,0,0,0,0,0,0,0,0.02299,0,0,0,0
"k__Bacteria|p__Firmicutes|c__Tissierellia|o__Tissierellales|f__Peptoniphilaceae|g__Peptoniphilus|s__Peptoniphilus_coxii",0,0,0,0,0,0,0,0,0,0,0,0,0,0,0,0.00832,0,0,0,0,0,0,0,0,0,0,0,0,0,0,0,0,0,0,0,0,0,0,0,0,0,0
"k__Bacteria|p__Bacteroidetes|c__Bacteroidia|o__Bacteroidales|f__Prevotellaceae|g__Prevotella|s__Prevotella_buccalis",0,0,0,0,0,0,0,0,0,0,0,0,0,0,0,0.00475,0,0,0,0,0,0,0,0,0,0,0,0,0,0,0,0,0,0,0,0.00802,0,0,0,0,0,0
"k__Bacteria|p__Firmicutes|c__Clostridia|o__Clostridiales|f__Clostridiaceae|g__Clostridium|s__Clostridium_sp_CAG_964",0,0,0,0,0,0,0,0,0,0,0,0,0,0,0,0,1.48212,0,0,0,0,0,0,0,0,0,0,0,0,0,0,0,0,0,0,0,0,0,0,0,0,0
"k__Bacteria|p__Bacteroidetes|c__Bacteroidia|o__Bacteroidales|f__Bacteroidaceae|g__Bacteroides|s__Bacteroides_faecis_CAG_32",0,0,0,0,0,0,0,0,0,0,0,0,0,0,0,0,0.62308,0,0,0,0,0,0,0,0,0,0,0,0,0,0.27527,0.12331,0,0,0,0,0,0,0,0,0,0
"k__Bacteria|p__Bacteroidetes|c__Bacteroidia|o__Bacteroidales|f__Bacteroidaceae|g__Bacteroides|s__Bacteroides_massiliensis",0,0,0,0,0,0,0,0,0,0,0,0,0,0,0,0,0.43176,0,0.87888,0,0,0,0,0,0,0,0,0,0,0,0.38908,0,0,0.1988,0,0.90431,0,0.65525,0.32156,0.01267,0,0
"k__Bacteria|p__Bacteroidetes|c__Bacteroidia|o__Bacteroidales|f__Bacteroidaceae|g__Bacteroides|s__Bacteroides_galacturonicus",0,0,0,0,0,0,0,0,0,0,0,0,0,0,0,0,0.02242,0,0,0,0,0,0,0,0,0,0,0,0,0,0,0,0,0,0,0,0,0,0,0,0,0
"k__Bacteria|p__Firmicutes|c__Firmicutes_unclassified|o__Firmicutes_unclassified|f__Firmicutes_unclassified|g__Firmicutes_unclassified|s__Firmicutes_bacterium_CAG_95",0,0,0,0,0,0,0,0,0,0,0,0,0,0,0,0,0.01176,0,0,0,0,0,0,0,0,0,0,0,0,0,0,0,0,0,0,0,0,0,0,0,0,0
"k__Bacteria|p__Actinobacteria|c__Actinobacteria|o__Actinomycetales|f__Actinomycetaceae|g__Actinomyces|s__Actinomyces_sp_HPA0247",0,0,0,0,0,0,0,0,0,0,0,0,0,0,0,0,0,0.29047,0,0,0,0,0,0,0,0,0,0,0,0,0,0,0,0,0,0,0,0,0,0,0,0
"k__Bacteria|p__Firmicutes|c__Bacilli|o__Lactobacillales|f__Streptococcaceae|g__Lactococcus|s__Lactococcus_lactis",0,0,0,0,0,0,0,0,0,0,0,0,0,0,0,0,0,0.01818,0,0,0,0.18484,0,0.18141,0.25721,0,0,0,0,0,0.16604,0,0.38295,0,0,0,0,0,0,0,0,0
"k__Bacteria|p__Actinobacteria|c__Coriobacteriia|o__Coriobacteriales|f__Atopobiaceae|g__Atopobium|s__Atopobium_rimae",0,0,0,0,0,0,0,0,0,0,0,0,0,0,0,0,0,0.01731,0,0,0,0,0,0,0,0,0,0,0,0,0,0,0,0,0,0,0,0,0,0,0,0
"k__Bacteria|p__Firmicutes|c__Bacilli|o__Lactobacillales|f__Lactobacillaceae|g__Lactobacillus|s__Lactobacillus_mucosae",0,0,0,0,0,0,0,0,0,0,0,0,0,0,0,0,0,0.00613,0,0,0,0,0,0,0,0,0,0,0,0,0,0,0,0,0,0,0,0,0,0,0,0
"k__Bacteria|p__Firmicutes|c__Bacilli|o__Lactobacillales|f__Leuconostocaceae|g__Leuconostoc|s__Leuconostoc_mesenteroides",0,0,0,0,0,0,0,0,0,0,0,0,0,0,0,0,0,0.00426,0,0,0,0,0,0.04907,0,0.02665,0,0,0,0,0,0,0,0,0,0,0,0,0,0,0,0
"k__Bacteria|p__Actinobacteria|c__Actinobacteria|o__Actinomycetales|f__Actinomycetaceae|g__Actinomyces|s__Actinomyces_sp_oral_taxon_448",0,0,0,0,0,0,0,0,0,0,0,0,0,0,0,0,0,0.00415,0,0,0,0,0,0,0,0,0,0,0,0,0,0,0,0,0,0,0,0,0,0,0,0
"k__Bacteria|p__Firmicutes|c__Clostridia|o__Clostridiales|f__Peptostreptococcaceae|g__Peptostreptococcus|s__Peptostreptococcus_stomatis",0,0,0,0,0,0,0,0,0,0,0,0,0,0,0,0,0,0,0.05489,0,0,0,0,0,0,0,0,0,1.90435,0,0,0,0,0,0,0,0,0,0,0,0,0
"k__Bacteria|p__Firmicutes|c__Clostridia|o__Clostridiales|f__Ruminococcaceae|g__Ruminococcus|s__Ruminococcus_sp_CAG_403",0,0,0,0,0,0,0,0,0,0,0,0,0,0,0,0,0,0,0.05137,0,0,0,0,0,0,0,0,0,0,0,0,0,0,0,0,0,0,0,0,0,0,0
"k__Bacteria|p__Firmicutes|c__Erysipelotrichia|o__Erysipelotrichales|f__Erysipelotrichaceae|g__Holdemania|s__Holdemania_filiformis",0,0,0,0,0,0,0,0,0,0,0,0,0,0,0,0,0,0,0.03446,0,0,0,0,0,0.04004,0,0,0,0,0,0,0,0,0,0,0,0,0,0,0,0,0
"k__Bacteria|p__Firmicutes|c__Clostridia|o__Clostridiales|f__Clostridiaceae|g__Clostridium|s__Clostridium_sp_CAG_58",0,0,0,0,0,0,0,0,0,0,0,0,0,0,0,0,0,0,0.02802,0,0,0,0,0.29019,0,0,0,0,0,0,0,0,0,0,0,0.01325,0,0,0,0,0,0
"k__Bacteria|p__Firmicutes|c__Clostridia|o__Clostridiales|f__Ruminococcaceae|g__Ruminococcaceae_unclassified|s__Clostridium_methylpentosum",0,0,0,0,0,0,0,0,0,0,0,0,0,0,0,0,0,0,0.00931,0,0,0,0,0,0,0,0,0,0,0,0,0,0,0,0,0,0,0,0,0,0,0
"k__Bacteria|p__Firmicutes|c__Clostridia|o__Clostridiales|f__Peptostreptococcaceae|g__Peptostreptococcus|s__Peptostreptococcus_anaerobius",0,0,0,0,0,0,0,0,0,0,0,0,0,0,0,0,0,0,0,0.69427,0,0,0,0,0,0,0,0,0,0,0,0,0,0,0,0,0,0,0,0,0,0
"k__Bacteria|p__Proteobacteria|c__Deltaproteobacteria|o__Desulfovibrionales|f__Desulfovibrionaceae|g__Desulfovibrio|s__Desulfovibrio_piger",0,0,0,0,0,0,0,0,0,0,0,0,0,0,0,0,0,0,0,0,0.0148,0,0,0,0,0.11688,0,0,0,0,0,0,0,0,0,0,1.81782,0,0,0,0,0
"k__Bacteria|p__Bacteroidetes|c__Bacteroidia|o__Bacteroidales|f__Prevotellaceae|g__Prevotella|s__Prevotella_sp_CAG_617",0,0,0,0,0,0,0,0,0,0,0,0,0,0,0,0,0,0,0,0,0,0,0.2128,0,0,0.30901,0,0,0,0,0,0,0,0,0.02695,0,0,0,0,0,0,0
"k__Bacteria|p__Bacteroidetes|c__Bacteroidia|o__Bacteroidales|f__Bacteroidaceae|g__Bacteroides|s__Bacteroides_coprophilus",0,0,0,0,0,0,0,0,0,0,0,0,0,0,0,0,0,0,0,0,0,0,0.14061,0,0,0.34893,0,0,0,0,0,0,0,0,0,0,0,0,0,0,0,0
"k__Bacteria|p__Proteobacteria|c__Betaproteobacteria|o__Burkholderiales|f__Comamonadaceae|g__Comamonas|s__Comamonas_kerstersii",0,0,0,0,0,0,0,0,0,0,0,0,0,0,0,0,0,0,0,0,0,0,0,0.65465,0,0,0,0,0,0,0,0,0,0,0,0,0,0,0,0,0,0
"k__Bacteria|p__Bacteroidetes|c__Bacteroidia|o__Bacteroidales|f__Prevotellaceae|g__Prevotella|s__Prevotella_sp_CAG_873",0,0,0,0,0,0,0,0,0,0,0,0,0,0,0,0,0,0,0,0,0,0,0,0.54461,0,0,0,0,0,0,0,0,0,0,0,0,0,0,0,0,0,0
"k__Bacteria|p__Actinobacteria|c__Actinobacteria|o__Bifidobacteriales|f__Bifidobacteriaceae|g__Bifidobacterium|s__Bifidobacterium_angulatum",0,0,0,0,0,0,0,0,0,0,0,0,0,0,0,0,0,0,0,0,0,0,0,0.10794,0,0,0,0,0,0,0,0,0,0,0,0,0,0,0,0,0,0
"k__Bacteria|p__Firmicutes|c__Erysipelotrichia|o__Erysipelotrichales|f__Erysipelotrichaceae|g__Faecalicoccus|s__Faecalicoccus_pleomorphus",0,0,0,0,0,0,0,0,0,0,0,0,0,0,0,0,0,0,0,0,0,0,0,0.10187,0,0,0,0,0,0,0,0,0,0,0,0,0,0,0,0,0,0
"k__Bacteria|p__Firmicutes|c__Clostridia|o__Clostridiales|f__Clostridiaceae|g__Clostridium|s__Clostridium_disporicum",0,0,0,0,0,0,0,0,0,0,0,0,0,0,0,0,0,0,0,0,0,0,0,0.08062,0,0,0,0,0,0,0,0,0,0,0,0,0,0.07399,0,0,0,0
"k__Bacteria|p__Firmicutes|c__Clostridia|o__Clostridiales|f__Clostridiaceae|g__Clostridium|s__Clostridium_celatum",0,0,0,0,0,0,0,0,0,0,0,0,0,0,0,0,0,0,0,0,0,0,0,0.06328,0,0,0,0,0,0,0,0,0,0,0,0,0,0,0,0,0,0
"k__Bacteria|p__Actinobacteria|c__Actinobacteria|o__Bifidobacteriales|f__Bifidobacteriaceae|g__Bifidobacterium|s__Bifidobacterium_dentium",0,0,0,0,0,0,0,0,0,0,0,0,0,0,0,0,0,0,0,0,0,0,0,0.05573,0.04577,0,0,0,0,0,0,0,0,0,0,0,0,0,0,0,0,0
"k__Bacteria|p__Proteobacteria|c__Epsilonproteobacteria|o__Campylobacterales|f__Campylobacteraceae|g__Campylobacter|s__Campylobacter_hominis",0,0,0,0,0,0,0,0,0,0,0,0,0,0,0,0,0,0,0,0,0,0,0,0.02668,0,0,0,0,0,0,0,0,0,0,0,0,0,0,0,0,0,0
"k__Bacteria|p__Firmicutes|c__Clostridia|o__Clostridiales|f__Clostridiaceae|g__Clostridium|s__Clostridium_sp_CAG_242",0,0,0,0,0,0,0,0,0,0,0,0,0,0,0,0,0,0,0,0,0,0,0,0.02446,0,0,0,0,0,0,0,0,0,0,0,0,0,0,0,0,0,0
"k__Bacteria|p__Bacteroidetes|c__Bacteroidia|o__Bacteroidales|f__Prevotellaceae|g__Prevotella|s__Prevotella_sp_CAG_485",0,0,0,0,0,0,0,0,0,0,0,0,0,0,0,0,0,0,0,0,0,0,0,0.02312,0,0.16833,0,0,0,0,0,0,0,0,0,0,0,0,0,0,0,0
"k__Bacteria|p__Firmicutes|c__Clostridia|o__Clostridiales|f__Lachnospiraceae|g__Butyrivibrio|s__Butyrivibrio_sp_CAG_318",0,0,0,0,0,0,0,0,0,0,0,0,0,0,0,0,0,0,0,0,0,0,0,0.01395,0,0,0,0,0,0,0,0,0,0,0,0,0,0,0,0,0,0
"k__Bacteria|p__Firmicutes|c__Clostridia|o__Clostridiales|f__Clostridiales_unclassified|g__Lawsonibacter|s__Lawsonibacter_asaccharolyticus",0,0,0,0,0,0,0,0,0,0,0,0,0,0,0,0,0,0,0,0,0,0,0,0.0134,0,0,0,0,0,0,0,0,0,0,0,0,0,0,0,0,0,0
"k__Bacteria|p__Actinobacteria|c__Coriobacteriia|o__Coriobacteriales|f__Coriobacteriaceae|g__Enorma|s__Enorma_massiliensis",0,0,0,0,0,0,0,0,0,0,0,0,0,0,0,0,0,0,0,0,0,0,0,0.00577,0,0,0,0,0,0,0,0,0,0,0,0,0,2.48708,0,0,0,0
"k__Bacteria|p__Actinobacteria|c__Coriobacteriia|o__Coriobacteriales|f__Coriobacteriaceae|g__Collinsella|s__Collinsella_intestinalis",0,0,0,0,0,0,0,0,0,0,0,0,0,0,0,0,0,0,0,0,0,0,0,0.00287,0,0,0,0,0,0,0,0,0,0,0,0,0,0,0,0,0,0
"k__Bacteria|p__Proteobacteria|c__Betaproteobacteria|o__Neisseriales|f__Neisseriaceae|g__Eikenella|s__Eikenella_corrodens",0,0,0,0,0,0,0,0,0,0,0,0,0,0,0,0,0,0,0,0,0,0,0,0,0.28098,0,0,0,0.0254,0,0,0,0,0,0,0,0,0,0,0,0,0
"k__Bacteria|p__Firmicutes|c__Negativicutes|o__Veillonellales|f__Veillonellaceae|g__Dialister|s__Dialister_pneumosintes",0,0,0,0,0,0,0,0,0,0,0,0,0,0,0,0,0,0,0,0,0,0,0,0,0.14834,0,0,0,0.03796,0,0,0,0,0,0,0,0,0,0,0,0,0
"k__Bacteria|p__Firmicutes|c__Bacilli|o__Lactobacillales|f__Lactobacillaceae|g__Lactobacillus|s__Lactobacillus_gasseri",0,0,0,0,0,0,0,0,0,0,0,0,0,0,0,0,0,0,0,0,0,0,0,0,0.0678,0,0,0,0,0,0,0,0,0,0,0,0,0,0,0,0,0
"k__Bacteria|p__Firmicutes|c__Negativicutes|o__Veillonellales|f__Veillonellaceae|g__Veillonella|s__Veillonella_sp_T11011_6",0,0,0,0,0,0,0,0,0,0,0,0,0,0,0,0,0,0,0,0,0,0,0,0,0.03904,0,0,0,0,0,0,0,0,0,0,0,0,0,0,0,0,0
"k__Bacteria|p__Firmicutes|c__Bacilli|o__Lactobacillales|f__Streptococcaceae|g__Streptococcus|s__Streptococcus_agalactiae",0,0,0,0,0,0,0,0,0,0,0,0,0,0,0,0,0,0,0,0,0,0,0,0,0.02513,0,0,0,0,0,0,0,0,0,0,0,0,0,0,0,0,0
"k__Bacteria|p__Firmicutes|c__Clostridia|o__Clostridiales|f__Eubacteriaceae|g__Eubacterium|s__Eubacterium_sp_CAG_274",0,0,0,0,0,0,0,0,0,0,0,0,0,0,0,0,0,0,0,0,0,0,0,0,0.01941,0,0,0,0,0,0,0,0,0,0,0,0,0,0,0,0,0
"k__Bacteria|p__Firmicutes|c__Clostridia|o__Clostridiales|f__Clostridiales_Family_XIII_Incertae_Sedis|g__Mogibacterium|s__Mogibacterium_diversum",0,0,0,0,0,0,0,0,0,0,0,0,0,0,0,0,0,0,0,0,0,0,0,0,0.0123,0,0,0,0,0,0,0,0,0,0,0,0,0,0,0,0,0
"k__Bacteria|p__Firmicutes|c__Clostridia|o__Clostridiales|f__Lachnospiraceae|g__Roseburia|s__Roseburia_sp_CAG_303",0,0,0,0,0,0,0,0,0,0,0,0,0,0,0,0,0,0,0,0,0,0,0,0,0.00193,0,0,0,0,0,0,0,0,0,0,0,0,0,0,0,0,0
"k__Bacteria|p__Bacteroidetes|c__Bacteroidia|o__Bacteroidales|f__Prevotellaceae|g__Prevotella|s__Prevotella_sp_CAG_1124",0,0,0,0,0,0,0,0,0,0,0,0,0,0,0,0,0,0,0,0,0,0,0,0,0,1.63656,0,0,0,0,0,0,0,0,0,0,0,0,0,0,0,0
"k__Bacteria|p__Bacteroidetes|c__Bacteroidia|o__Bacteroidales|f__Prevotellaceae|g__Prevotella|s__Prevotella_sp_CAG_1058",0,0,0,0,0,0,0,0,0,0,0,0,0,0,0,0,0,0,0,0,0,0,0,0,0,0.48459,0,0,0,0,0,0,0,0,0,0,0,0,0,0,0,0
"k__Bacteria|p__Firmicutes|c__Clostridia|o__Clostridiales|f__Lachnospiraceae|g__Roseburia|s__Roseburia_sp_CAG_182",0,0,0,0,0,0,0,0,0,0,0,0,0,0,0,0,0,0,0,0,0,0,0,0,0,0.46419,0,0,0,0,0,0,0,0,0,0,0,0,0,0,0,0
"k__Bacteria|p__Firmicutes|c__Clostridia|o__Clostridiales|f__Clostridiaceae|g__Clostridium|s__Clostridium_sp_CAG_632",0,0,0,0,0,0,0,0,0,0,0,0,0,0,0,0,0,0,0,0,0,0,0,0,0,0.42831,0,0,0,0,0,0,0,0,0,0,0,0,0,0,0,0
"k__Bacteria|p__Bacteroidetes|c__Bacteroidia|o__Bacteroidales|f__Bacteroidaceae|g__Bacteroides|s__Bacteroides_sp_CAG_462",0,0,0,0,0,0,0,0,0,0,0,0,0,0,0,0,0,0,0,0,0,0,0,0,0,0.12324,0,0,0,0,0,0,0,0,0,0,0,0,0,0,0,0
"k__Bacteria|p__Bacteroidetes|c__Bacteroidia|o__Bacteroidales|f__Prevotellaceae|g__Prevotella|s__Prevotella_sp_CAG_1185",0,0,0,0,0,0,0,0,0,0,0,0,0,0,0,0,0,0,0,0,0,0,0,0,0,0.11997,0,0,0,0,0,0,0,0,0,0,0,0,0,0,0,0
"k__Bacteria|p__Bacteroidetes|c__Bacteroidia|o__Bacteroidales|f__Prevotellaceae|g__Prevotella|s__Prevotella_sp_CAG_279",0,0,0,0,0,0,0,0,0,0,0,0,0,0,0,0,0,0,0,0,0,0,0,0,0,0.11672,0,0,0,0,0,0.26146,0,0,0,0.51114,0,0,0,0,0,0
"k__Bacteria|p__Firmicutes|c__Clostridia|o__Clostridiales|f__Ruminococcaceae|g__Ruminococcus|s__Ruminococcus_obeum_CAG_39",0,0,0,0,0,0,0,0,0,0,0,0,0,0,0,0,0,0,0,0,0,0,0,0,0,0.06077,0,0,0,0.07505,0,0,0,0,0,0.06638,1.13932,0,0,0,0,0
"k__Bacteria|p__Bacteroidetes|c__Bacteroidia|o__Bacteroidales|f__Tannerellaceae|g__Parabacteroides|s__Parabacteroides_sp_CAG_409",0,0,0,0,0,0,0,0,0,0,0,0,0,0,0,0,0,0,0,0,0,0,0,0,0,0.02787,0,0,0,0,0,0,0,0,0,0,0,0.01886,0,0,0,0
"k__Bacteria|p__Bacteroidetes|c__Bacteroidia|o__Bacteroidales|f__Prevotellaceae|g__Prevotella|s__Prevotella_sp_CAG_1031",0,0,0,0,0,0,0,0,0,0,0,0,0,0,0,0,0,0,0,0,0,0,0,0,0,0.02578,0,0,0,0,0,0,0,0,0,0,0,0,0,0,0,0
"k__Bacteria|p__Firmicutes|c__Clostridia|o__Clostridiales|f__Clostridiaceae|g__Clostridium|s__Clostridium_sp_CAG_411",0,0,0,0,0,0,0,0,0,0,0,0,0,0,0,0,0,0,0,0,0,0,0,0,0,0.01356,0,0,0,0,0,0,0,0,0,0,0,0,0,0,0,0
"k__Bacteria|p__Bacteroidetes|c__Bacteroidia|o__Bacteroidales|f__Bacteroidaceae|g__Bacteroides|s__Bacteroides_sp_43_108",0,0,0,0,0,0,0,0,0,0,0,0,0,0,0,0,0,0,0,0,0,0,0,0,0,0.0104,0,0,0,0,0,0,0,0,0,0,0,0,0,0,0,0
"k__Bacteria|p__Firmicutes|c__Erysipelotrichia|o__Erysipelotrichales|f__Erysipelotrichaceae|g__Dielma|s__Dielma_fastidiosa",0,0,0,0,0,0,0,0,0,0,0,0,0,0,0,0,0,0,0,0,0,0,0,0,0,0,0.02312,0,0,0,0,0,0,0,0,0,0,0,0,0,0,0
"k__Bacteria|p__Actinobacteria|c__Coriobacteriia|o__Eggerthellales|f__Eggerthellaceae|g__Enterorhabdus|s__Enterorhabdus_caecimuris",0,0,0,0,0,0,0,0,0,0,0,0,0,0,0,0,0,0,0,0,0,0,0,0,0,0,0.02089,0,0,0,0,0,0,0,0,0,0,0,0,0,0,0
"k__Bacteria|p__Firmicutes|c__Clostridia|o__Clostridiales|f__Clostridiales_Family_XIII_Incertae_Sedis|g__Clostridiales_Family_XIII_Incertae_Sedis_unclassified|s__Eubacterium_sulci",0,0,0,0,0,0,0,0,0,0,0,0,0,0,0,0,0,0,0,0,0,0,0,0,0,0,0.00828,0,0,0,0,0,0,0,0,0,0,0,0,0,0,0
"k__Bacteria|p__Firmicutes|c__Firmicutes_unclassified|o__Firmicutes_unclassified|f__Firmicutes_unclassified|g__Firmicutes_unclassified|s__Firmicutes_bacterium_CAG_145",0,0,0,0,0,0,0,0,0,0,0,0,0,0,0,0,0,0,0,0,0,0,0,0,0,0,0.00456,0,0,0,0,0,0,0,0,0,0,0,0,0,0,0
"k__Bacteria|p__Firmicutes|c__Bacilli|o__Bacillales|f__Bacillales_unclassified|g__Gemella|s__Gemella_haemolysans",0,0,0,0,0,0,0,0,0,0,0,0,0,0,0,0,0,0,0,0,0,0,0,0,0,0,0,0.95287,0,0,0,0,0,0,0,0,0,0,0,0,0,0
"k__Bacteria|p__Bacteroidetes|c__Bacteroidia|o__Bacteroidales|f__Prevotellaceae|g__Prevotella|s__Prevotella_bivia",0,0,0,0,0,0,0,0,0,0,0,0,0,0,0,0,0,0,0,0,0,0,0,0,0,0,0,0,9.82239,0,0,0,0,0,0,0,0,0,0,0,0,0
"k__Bacteria|p__Firmicutes|c__Erysipelotrichia|o__Erysipelotrichales|f__Erysipelotrichaceae|g__Solobacterium|s__Solobacterium_moorei",0,0,0,0,0,0,0,0,0,0,0,0,0,0,0,0,0,0,0,0,0,0,0,0,0,0,0,0,1.82381,0,0,0,0,0,0,0,0,0,0,0,0,0
"k__Bacteria|p__Firmicutes|c__Tissierellia|o__Tissierellales|f__Peptoniphilaceae|g__Parvimonas|s__Parvimonas_micra",0,0,0,0,0,0,0,0,0,0,0,0,0,0,0,0,0,0,0,0,0,0,0,0,0,0,0,0,1.29509,0,0,0,0,0,0,0,0,0,0,0,0,0.69034
"k__Bacteria|p__Firmicutes|c__Negativicutes|o__Veillonellales|f__Veillonellaceae|g__Dialister|s__Dialister_micraerophilus",0,0,0,0,0,0,0,0,0,0,0,0,0,0,0,0,0,0,0,0,0,0,0,0,0,0,0,0,0.64143,0,0,0,0,0,0,0,0,0,0,0,0,0
"k__Bacteria|p__Bacteroidetes|c__Bacteroidia|o__Bacteroidales|f__Prevotellaceae|g__Alloprevotella|s__Alloprevotella_tannerae",0,0,0,0,0,0,0,0,0,0,0,0,0,0,0,0,0,0,0,0,0,0,0,0,0,0,0,0,0.51475,0,0,0,0,0,0,0,0,0,0,0,0,0
"k__Bacteria|p__Bacteroidetes|c__Bacteroidia|o__Bacteroidales|f__Prevotellaceae|g__Prevotella|s__Prevotella_disiens",0,0,0,0,0,0,0,0,0,0,0,0,0,0,0,0,0,0,0,0,0,0,0,0,0,0,0,0,0.20019,0,0,0,0,0,0,0,0,0,0,0,0,0
"k__Bacteria|p__Firmicutes|c__Clostridia|o__Clostridiales|f__Lachnospiraceae|g__Lachnoanaerobaculum|s__Lachnoanaerobaculum_saburreum",0,0,0,0,0,0,0,0,0,0,0,0,0,0,0,0,0,0,0,0,0,0,0,0,0,0,0,0,0.16117,0,0,0,0,0,0,0,0,0,0,0,0,0
"k__Bacteria|p__Firmicutes|c__Clostridia|o__Clostridiales|f__Ruminococcaceae|g__Ruminococcaceae_unclassified|s__Ruminococcaceae_bacterium_D16",0,0,0,0,0,0,0,0,0,0,0,0,0,0,0,0,0,0,0,0,0,0,0,0,0,0,0,0,0,0.06903,0,0,0,0,0,0,0,0,0,0,0,0
"k__Bacteria|p__Firmicutes|c__Negativicutes|o__Acidaminococcales|f__Acidaminococcaceae|g__Phascolarctobacterium|s__Phascolarctobacterium_faecium",0,0,0,0,0,0,0,0,0,0,0,0,0,0,0,0,0,0,0,0,0,0,0,0,0,0,0,0,0,0.00384,0,0,0,0,0,0,0,0,0,0,0,0
"k__Bacteria|p__Firmicutes|c__Bacilli|o__Lactobacillales|f__Lactobacillaceae|g__Lactobacillus|s__Lactobacillus_ruminis",0,0,0,0,0,0,0,0,0,0,0,0,0,0,0,0,0,0,0,0,0,0,0,0,0,0,0,0,0,0,0,2.03987,0,0,0,0,0,0,0,0,0,0
"k__Bacteria|p__Firmicutes|c__Bacilli|o__Lactobacillales|f__Lactobacillaceae|g__Lactobacillus|s__Lactobacillus_plantarum",0,0,0,0,0,0,0,0,0,0,0,0,0,0,0,0,0,0,0,0,0,0,0,0,0,0,0,0,0,0,0,0,3.15783,0,0.08593,0,0,0,0,0,0,0
"k__Bacteria|p__Firmicutes|c__Negativicutes|o__Selenomonadales|f__Selenomonadaceae|g__Megamonas|s__Megamonas_funiformis",0,0,0,0,0,0,0,0,0,0,0,0,0,0,0,0,0,0,0,0,0,0,0,0,0,0,0,0,0,0,0,0,0,0.11439,0,0,0,0,0,0,0,0
"k__Bacteria|p__Bacteroidetes|c__Bacteroidia|o__Bacteroidales|f__Prevotellaceae|g__Paraprevotella|s__Paraprevotella_clara",0,0,0,0,0,0,0,0,0,0,0,0,0,0,0,0,0,0,0,0,0,0,0,0,0,0,0,0,0,0,0,0,0,0.00833,0,0,0,0,0,0,0,0
"k__Bacteria|p__Firmicutes|c__Bacilli|o__Lactobacillales|f__Streptococcaceae|g__Streptococcus|s__Streptococcus_vestibularis",0,0,0,0,0,0,0,0,0,0,0,0,0,0,0,0,0,0,0,0,0,0,0,0,0,0,0,0,0,0,0,0,0,0,0.2434,0,0,0,0,0,0,0
"k__Bacteria|p__Bacteroidetes|c__Bacteroidia|o__Bacteroidales|f__Odoribacteraceae|g__Butyricimonas|s__Butyricimonas_synergistica",0,0,0,0,0,0,0,0,0,0,0,0,0,0,0,0,0,0,0,0,0,0,0,0,0,0,0,0,0,0,0,0,0,0,0,0.02079,0,0,0,0,0,0
"k__Bacteria|p__Bacteroidetes|c__Bacteroidia|o__Bacteroidales|f__Bacteroidaceae|g__Bacteroides|s__Bacteroides_sp_CAG_633",0,0,0,0,0,0,0,0,0,0,0,0,0,0,0,0,0,0,0,0,0,0,0,0,0,0,0,0,0,0,0,0,0,0,0,0,0,0.54284,0,0,0,0
"k__Bacteria|p__Firmicutes|c__Clostridia|o__Clostridiales|f__Clostridiaceae|g__Clostridium|s__Clostridium_perfringens",0,0,0,0,0,0,0,0,0,0,0,0,0,0,0,0,0,0,0,0,0,0,0,0,0,0,0,0,0,0,0,0,0,0,0,0,0,0.0868,0,0,0,0
"k__Bacteria|p__Firmicutes|c__Clostridia|o__Clostridiales|f__Lachnospiraceae|g__Dorea|s__Dorea_sp_CAG_317",0,0,0,0,0,0,0,0,0,0,0,0,0,0,0,0,0,0,0,0,0,0,0,0,0,0,0,0,0,0,0,0,0,0,0,0,0,0.04277,0,0,0,0
"k__Bacteria|p__Firmicutes|c__Negativicutes|o__Veillonellales|f__Veillonellaceae|g__Dialister|s__Dialister_succinatiphilus",0,0,0,0,0,0,0,0,0,0,0,0,0,0,0,0,0,0,0,0,0,0,0,0,0,0,0,0,0,0,0,0,0,0,0,0,0,0,0.24656,0,0,0
"k__Bacteria|p__Actinobacteria|c__Actinobacteria|o__Bifidobacteriales|f__Bifidobacteriaceae|g__Aeriscardovia|s__Aeriscardovia_aeriphila",0,0,0,0,0,0,0,0,0,0,0,0,0,0,0,0,0,0,0,0,0,0,0,0,0,0,0,0,0,0,0,0,0,0,0,0,0,0,0.00971,0,0,0
"k__Bacteria|p__Firmicutes|c__Clostridia|o__Clostridiales|f__Lachnospiraceae|g__Tyzzerella|s__Tyzzerella_nexilis",0,0,0,0,0,0,0,0,0,0,0,0,0,0,0,0,0,0,0,0,0,0,0,0,0,0,0,0,0,0,0,0,0,0,0,0,0,0,0,0.02974,0,0
"k__Bacteria|p__Proteobacteria|c__Epsilonproteobacteria|o__Campylobacterales|f__Campylobacteraceae|g__Campylobacter|s__Campylobacter_jejuni",0,0,0,0,0,0,0,0,0,0,0,0,0,0,0,0,0,0,0,0,0,0,0,0,0,0,0,0,0,0,0,0,0,0,0,0,0,0,0,0,2.28572,0
"k__Bacteria|p__Bacteroidetes|c__Bacteroidia|o__Bacteroidales|f__Porphyromonadaceae|g__Porphyromonas|s__Porphyromonas_endodontalis",0,0,0,0,0,0,0,0,0,0,0,0,0,0,0,0,0,0,0,0,0,0,0,0,0,0,0,0,0,0,0,0,0,0,0,0,0,0,0,0,0,5.92277
"k__Bacteria|p__Proteobacteria|c__Gammaproteobacteria|o__Enterobacterales|f__Enterobacteriaceae|g__Raoultella|s__Raoultella_planticola",0,0,0,0,0,0,0,0,0,0,0,0,0,0,0,0,0,0,0,0,0,0,0,0,0,0,0,0,0,0,0,0,0,0,0,0,0,0,0,0,0,3.37059
